url,pagina,data_coleta
https://pb.olx.com.br/paraiba/imoveis/imoveis-na-planta-em-joao-pessoa-1427390473,1,2025-09-02 23:24:27
https://pb.olx.com.br/paraiba/imoveis/imoveis-para-repasse-possuem-62-m-com-02-quartos-em-gramame-joao-pessoa-pb-1433620766,1,2025-09-02 23:24:27
https://pb.olx.com.br/paraiba/imoveis/vendo-imoveis-de-alto-padrao-a-beira-mar-de-intermares-1399963055,1,2025-09-02 23:24:27
https://pb.olx.com.br/paraiba/imoveis/imoveis-na-planta-1424880641,1,2025-09-02 23:24:27
https://pb.olx.com.br/paraiba/imoveis/imoveis-exclusivos-1422666330,1,2025-09-02 23:24:27
https://pb.olx.com.br/paraiba/servicos/imoveis-vende-ou-aluga-casa-apartamento-terreno-1348330489,1,2025-09-02 23:24:27
https://pb.olx.com.br/paraiba/imoveis/alugo-imoveis-1418639984,1,2025-09-02 23:24:27
https://pb.olx.com.br/paraiba/servicos/reforma-de-imoveis-em-joao-pessoa-pisos-pintura-e-outros-acabamentos-1424786399,1,2025-09-02 23:24:27
https://pb.olx.com.br/paraiba/servicos/corretor-de-imoveis-em-joao-pessoa-1357257740,1,2025-09-02 23:24:27
https://pb.olx.com.br/paraiba/servicos/seu-corretor-de-imoveis-perito-avaliador-em-joao-pessoa-1385905983,1,2025-09-02 23:24:27
https://pb.olx.com.br/paraiba/imoveis/apartamentos-para-venda-varios-imoveis-1425816782,1,2025-09-02 23:24:27
https://pb.olx.com.br/paraiba/servicos/vistoria-de-imoveis-1429789821,1,2025-09-02 23:24:27
https://pb.olx.com.br/paraiba/servicos/corretora-de-imoveis-1427690379,1,2025-09-02 23:24:27
https://pb.olx.com.br/paraiba/servicos/avaliador-de-imoveis-1427531628,1,2025-09-02 23:24:27
https://pb.olx.com.br/paraiba/servicos/avaliacao-de-imoveis-em-paraiba-1266486459,1,2025-09-02 23:24:27
https://pb.olx.com.br/paraiba/servicos/corretor-de-imoveis-ruann-yuri-1324361318,1,2025-09-02 23:24:27
https://pb.olx.com.br/paraiba/servicos/laudos-de-avaliacao-de-imoveis-1128767707,1,2025-09-02 23:24:27
https://pb.olx.com.br/paraiba/servicos/laudos-de-avaliacao-de-imoveis-1342566783,1,2025-09-02 23:24:27
https://pb.olx.com.br/paraiba/imoveis/laudos-de-avaliacao-de-imoveis-1342565363,1,2025-09-02 23:24:27
https://pb.olx.com.br/paraiba/servicos/corretor-e-avaliador-de-imoveis-1417606223,1,2025-09-02 23:24:27
https://pb.olx.com.br/paraiba/servicos/curso-de-corretor-de-imoveis-ead-1417236694,1,2025-09-02 23:24:27
https://pb.olx.com.br/paraiba/imoveis/pininfarina-joao-pessoa-imoveis-lancamento-ferrari-setai-1308852051,1,2025-09-02 23:24:27
https://sc.olx.com.br/norte-de-santa-catarina/imoveis/apartamento-no-bairro-joao-pessoa-i-cadore-imoveis-1362070280,1,2025-09-02 23:24:27
https://pb.olx.com.br/paraiba/imoveis/apartamento-em-altiplano-4-suites-joao-pessoa-imoveis-1433760026,1,2025-09-02 23:24:27
https://pb.olx.com.br/paraiba/imoveis/casa-em-condominio-fechado-ate-5-suites-portal-do-sol-joao-pessoa-imoveis-1433338381,1,2025-09-02 23:24:27
https://pb.olx.com.br/paraiba/imoveis/apartamento-no-bessa-3-quartos-entrega-para-2028-joao-pessoa-imoveis-1433307931,1,2025-09-02 23:24:27
https://pb.olx.com.br/paraiba/imoveis/apartamento-em-altiplano-com-3-quartos-vista-para-o-mar-na-joao-pessoa-imoveis-1416472899,1,2025-09-02 23:24:27
https://pb.olx.com.br/paraiba/imoveis/aqualux-em-ponta-de-campina-cabedelo-com-3-suites-na-joao-pessoa-imoveis-1424016733,1,2025-09-02 23:24:27
https://pb.olx.com.br/paraiba/imoveis/grandmare-altiplano-3-quartos-na-joao-pessoa-imoveis-1424011821,1,2025-09-02 23:24:27
https://pb.olx.com.br/paraiba/imoveis/apartamento-em-altiplano-para-quem-tem-medo-de-altura-com-3-quartos-joao-pessoa-imoveis-1424008940,1,2025-09-02 23:24:27
https://pb.olx.com.br/paraiba/imoveis/apartamento-no-bessa-2-e-3-quartos-native-alliance-na-joao-pessoa-imoveis-1420071000,1,2025-09-02 23:24:27
https://pb.olx.com.br/paraiba/imoveis/horizon-alliance-apartamento-em-altiplano-com-2-ou-3-quartos-na-joao-pessoa-imoveis-1420070219,1,2025-09-02 23:24:27
https://pb.olx.com.br/paraiba/imoveis/apartamento-com-110m2-3-quartos-sendo-2-suites-em-altiplano-joao-pessoa-imoveis-1420069781,1,2025-09-02 23:24:27
https://pb.olx.com.br/paraiba/imoveis/heron-marinho-apartamento-com-510m2-altiplano-na-joao-pessoa-imoveis-1420069216,1,2025-09-02 23:24:27
https://pb.olx.com.br/paraiba/imoveis/apartamento-em-altiplano-3-quartos-na-joao-pessoa-imoveis-1419967378,1,2025-09-02 23:24:27
https://pb.olx.com.br/paraiba/imoveis/grandmare-altiplano-alliance-com-3-quartos-e-area-de-lazer-joao-pessoa-imoveis-1417508315,1,2025-09-02 23:24:27
https://pb.olx.com.br/paraiba/imoveis/apartamento-pe-na-areia-beira-mar-da-praia-em-joao-pessoa-imoveis-1415207864,1,2025-09-02 23:24:27
https://pb.olx.com.br/paraiba/imoveis/apartamento-beira-mar-de-cabo-branco-joao-pessoa-imoveis-1415206042,1,2025-09-02 23:24:27
https://pb.olx.com.br/paraiba/imoveis/apartamento-no-bessa-2-e-3-quartos-joao-pessoa-imoveis-1415202842,1,2025-09-02 23:24:27
https://pb.olx.com.br/paraiba/imoveis/lancamento-alliance-ruy-carneiro-essence-com-3-suites-joao-pessoa-imoveis-1282718309,1,2025-09-02 23:24:27
https://pb.olx.com.br/paraiba/imoveis/apartamento-no-bairro-dos-estados-com-3-suites-joao-pessoa-imoveis-1317989151,1,2025-09-02 23:24:27
https://pb.olx.com.br/paraiba/imoveis/falesia-apartamento-beira-mar-na-praia-do-seixas-em-joao-pessoa-imoveis-com-2-quartos-1235605520,1,2025-09-02 23:24:27
https://pb.olx.com.br/paraiba/imoveis/alti-altiplano-residencial-alti-h-station-joao-pessoa-imoveis-1261060966,1,2025-09-02 23:24:27
https://pb.olx.com.br/paraiba/imoveis/ghc-cabo-branco-artus-vivence-joao-pessoa-imoveis-1389720416,1,2025-09-02 23:24:27
https://pb.olx.com.br/paraiba/imoveis/apartamento-oro-alliance-altiplano-joao-pessoa-imoveis-1330798696,1,2025-09-02 23:24:27
https://pb.olx.com.br/paraiba/imoveis/apartamento-em-altiplano-cabo-branco-com-5-suites-joao-pessoa-imoveis-1375326368,1,2025-09-02 23:24:27
https://pb.olx.com.br/paraiba/imoveis/sunny-apartments-jardim-oceania-bessa-apartamento-joao-pessoa-imoveis-1389557605,1,2025-09-02 23:24:27
https://pb.olx.com.br/paraiba/imoveis/apartamento-no-bairro-dos-estados-4-suites-joao-pessoa-imoveis-1317991878,1,2025-09-02 23:24:27
https://pb.olx.com.br/paraiba/imoveis/apartamento-em-altiplano-com-4-suites-joao-pessoa-imoveis-1330790259,1,2025-09-02 23:24:27
https://pb.olx.com.br/paraiba/imoveis/nai-cabo-branco-alliance-frente-mar-com-182m2-na-joao-pessoa-imoveis-1265147383,1,2025-09-02 23:24:27
https://pb.olx.com.br/paraiba/imoveis/apartamento-em-altiplano-com-vista-mar-5-suites-em-joao-pessoa-imoveis-1350295820,2,2025-09-02 23:24:31
https://pb.olx.com.br/paraiba/imoveis/apartamento-em-altiplano-grandmare-com-3-quartos-joao-pessoa-imoveis-1297576669,2,2025-09-02 23:24:31
https://pb.olx.com.br/paraiba/imoveis/apartamento-na-praia-de-cabo-branco-nai-alliance-joao-pessoa-imoveis-1211635917,2,2025-09-02 23:24:31
https://pb.olx.com.br/paraiba/imoveis/ocean-view-oasis-oportunidade-pra-investimento-imoveis-1-e-2-quartos-a-venda-em-jardim-1419087580,2,2025-09-02 23:24:31
https://pb.olx.com.br/paraiba/servicos/box-pra-banheiro-em-vidro-acrilico-manutencoes-e-servico-de-pintura-de-imoveis-em-geral-1296184657,2,2025-09-02 23:24:31
https://pb.olx.com.br/paraiba/servicos/pinturas-e-reparos-internos-de-imoveis-1425897487,2,2025-09-02 23:24:31
https://pb.olx.com.br/paraiba/servicos/servicos-de-arquitetura-e-corretagem-de-imoveis-1363477753,2,2025-09-02 23:24:31
https://pb.olx.com.br/paraiba/servicos/seu-consultor-imobiliario-corretor-de-imoveis--ruann-yuri-1349582388,2,2025-09-02 23:24:31
https://pb.olx.com.br/paraiba/servicos/seu-consultor-imobiliario-corretor-de-imoveis-corretor-ruann-yuri-1384881363,2,2025-09-02 23:24:31
https://pb.olx.com.br/paraiba/servicos/filmagem-com-drone-profissional-imoveis-eventos-obras-e-mais-1417386727,2,2025-09-02 23:24:31
https://pb.olx.com.br/paraiba/imoveis/joao-pessoa-excelente-apartamento-no-altiplano-1430986901,2,2025-09-02 23:24:31
https://rn.olx.com.br/rio-grande-do-norte/imoveis/oportunidade-em-joao-pessoa-1430016956,2,2025-09-02 23:24:31
https://pb.olx.com.br/paraiba/imoveis/joao-pessoa-flat-beira-mar-do-bessa-pronto-e-novo-23-m-r-549-mil-1429272475,2,2025-09-02 23:24:31
https://pb.olx.com.br/paraiba/imoveis/joao-pessoa-apartamento-com-4-quartos-bessa-i-1429111364,2,2025-09-02 23:24:31
https://pb.olx.com.br/paraiba/imoveis/joao-pessoa-elegante-apto-temporada-3-quartos-com-vista-mar-1420145484,2,2025-09-02 23:24:31
https://rs.olx.com.br/regioes-de-porto-alegre-torres-e-santa-cruz-do-sul/imoveis/oportunidade-na-joao-pessoa-de-frente-para-a-redencao-1415772173,2,2025-09-02 23:24:31
https://pb.olx.com.br/paraiba/imoveis/joao-pessoa-flat-r-279-mil-1407247897,2,2025-09-02 23:24:31
https://pb.olx.com.br/paraiba/imoveis/joao-pessoa-apartamento-padrao-jardim-oceania-1124908369,2,2025-09-02 23:24:31
https://pb.olx.com.br/paraiba/imoveis/joao-pessoa-apartamento-padrao-cabo-branco-1093243206,2,2025-09-02 23:24:31
https://pb.olx.com.br/paraiba/comercio-e-industria/joao-pessoa-centro-predio-com-904-metros-barato-1430613536,2,2025-09-02 23:24:31
https://df.olx.com.br/distrito-federal-e-regiao/terrenos/joao-pessoa-oportunidade-unica-terreno-na-praia-pronto-para-construir-1426589612,2,2025-09-02 23:24:31
https://pb.olx.com.br/paraiba/terrenos/joao-pessoa-otima-area-com-54-000-metros-em-joao-pessoa-pb-1418248296,2,2025-09-02 23:24:31
https://pb.olx.com.br/paraiba/imoveis/joao-pessoa-casa-condominio-03-quartos-r-825-mil-1407769415,2,2025-09-02 23:24:31
https://pb.olx.com.br/paraiba/comercio-e-industria/joao-pessoa-predio-inteiro-mangabeira-1122352895,2,2025-09-02 23:24:31
https://pb.olx.com.br/paraiba/comercio-e-industria/joao-pessoa-predio-inteiro-mangabeira-1122352789,2,2025-09-02 23:24:31
https://pb.olx.com.br/paraiba/comercio-e-industria/joao-pessoa-conjunto-comercial-sala-centro-1072615078,2,2025-09-02 23:24:31
https://pb.olx.com.br/paraiba/imoveis/no-joao-paulo-ii-apto-ja-avaliado-documentacao-inclusa-1433341991,2,2025-09-02 23:24:31
https://pb.olx.com.br/paraiba/imoveis/oportunidade-joao-paulo-ii-1430913035,2,2025-09-02 23:24:31
https://pb.olx.com.br/paraiba/imoveis/joao-agripino-alugo-apartamento-alto-padrao-mobiliado-1425610345,2,2025-09-02 23:24:31
https://pb.olx.com.br/paraiba/imoveis/flat-para-venda-em-joao-pessoa-bancarios-1-dormitorio-1-banheiro-1-vaga-1433756225,2,2025-09-02 23:24:31
https://pb.olx.com.br/paraiba/imoveis/apartamento-para-venda-em-joao-pessoa-bancarios-2-dormitorios-1-suite-1-banheiro-1-va-1433754221,2,2025-09-02 23:24:31
https://pb.olx.com.br/paraiba/imoveis/apartamento-para-venda-em-joao-pessoa-bessa-2-dormitorios-1-suite-2-banheiros-1-vaga-1356536963,2,2025-09-02 23:24:31
https://pb.olx.com.br/paraiba/imoveis/flat-para-venda-em-joao-pessoa-bessa-1-dormitorio-1-banheiro-1-vaga-1429772680,2,2025-09-02 23:24:31
https://pb.olx.com.br/paraiba/imoveis/apartamento-para-venda-em-joao-pessoa-manaira-3-dormitorios-1-suite-3-banheiros-2-vag-1309329943,2,2025-09-02 23:24:31
https://pb.olx.com.br/paraiba/imoveis/apartamento-para-venda-em-joao-pessoa-cabo-branco-2-dormitorios-2-suites-2-banheiros-1418104035,2,2025-09-02 23:24:31
https://pb.olx.com.br/paraiba/imoveis/apartamento-para-venda-em-joao-pessoa-jardim-luna-3-dormitorios-3-suites-5-banheiros-1290081849,2,2025-09-02 23:24:31
https://pb.olx.com.br/paraiba/imoveis/apartamento-para-venda-em-joao-pessoa-tambau-3-dormitorios-2-suites-3-banheiros-1-vag-1302861268,2,2025-09-02 23:24:31
https://pb.olx.com.br/paraiba/imoveis/apartamento-para-venda-em-joao-pessoa-tambau-3-dormitorios-2-suites-3-banheiros-1-vag-1212137723,2,2025-09-02 23:24:31
https://pb.olx.com.br/paraiba/imoveis/apartamento-para-venda-em-joao-pessoa-bessa-3-dormitorios-1-suite-2-banheiros-1-vaga-1372236227,2,2025-09-02 23:24:31
https://pb.olx.com.br/paraiba/imoveis/apartamento-para-venda-em-joao-pessoa-bessa-2-dormitorios-1-suite-2-banheiros-2-vagas-1426326904,2,2025-09-02 23:24:31
https://pb.olx.com.br/paraiba/imoveis/apartamento-para-venda-em-joao-pessoa-manaira-4-dormitorios-4-suites-6-banheiros-2-va-1418460626,2,2025-09-02 23:24:31
https://pb.olx.com.br/paraiba/imoveis/apartamento-para-venda-em-joao-pessoa-jardim-oceania-3-dormitorios-1-suite-2-banheiros-1433648525,2,2025-09-02 23:24:31
https://pb.olx.com.br/paraiba/imoveis/apartamento-para-venda-em-joao-pessoa-bessa-2-dormitorios-1-suite-2-banheiros-1-vaga-1433648288,2,2025-09-02 23:24:31
https://pb.olx.com.br/paraiba/imoveis/apartamento-para-venda-em-joao-pessoa-bessa-1-dormitorio-1-suite-1-banheiro-1433547278,2,2025-09-02 23:24:31
https://pb.olx.com.br/paraiba/imoveis/apartamento-para-venda-em-joao-pessoa-bessa-2-dormitorios-1-suite-2-banheiros-1-vaga-1433532911,2,2025-09-02 23:24:31
https://pb.olx.com.br/paraiba/imoveis/flat-para-venda-em-joao-pessoa-cabo-branco-1-dormitorio-1-banheiro-1-vaga-1433528681,2,2025-09-02 23:24:31
https://pb.olx.com.br/paraiba/imoveis/apartamento-para-venda-em-joao-pessoa-bessa-3-dormitorios-2-suites-4-banheiros-2-vaga-1136426872,2,2025-09-02 23:24:31
https://pb.olx.com.br/paraiba/imoveis/apartamento-para-venda-em-joao-pessoa-bessa-2-dormitorios-1-suite-2-banheiros-2-vagas-1372236128,2,2025-09-02 23:24:31
https://pb.olx.com.br/paraiba/imoveis/apartamento-para-venda-em-joao-pessoa-manaira-4-dormitorios-4-suites-5-banheiros-2-va-1387494545,2,2025-09-02 23:24:31
https://pb.olx.com.br/paraiba/imoveis/apartamento-para-venda-em-joao-pessoa-tambau-3-dormitorios-3-suites-2-banheiros-2-vag-1302861042,2,2025-09-02 23:24:31
https://pb.olx.com.br/paraiba/imoveis/apartamento-para-venda-em-joao-pessoa-bessa-3-dormitorios-2-suites-3-banheiros-2-vaga-1345583617,3,2025-09-02 23:24:36
https://pb.olx.com.br/paraiba/imoveis/apartamento-para-venda-em-joao-pessoa-bessa-2-dormitorios-1-suite-2-banheiros-1-vaga-1351259813,3,2025-09-02 23:24:36
https://pb.olx.com.br/paraiba/imoveis/apartamento-para-venda-em-joao-pessoa-manaira-2-dormitorios-1-banheiro-1-vaga-1415288307,3,2025-09-02 23:24:36
https://pb.olx.com.br/paraiba/imoveis/flat-para-venda-em-joao-pessoa-manaira-1-dormitorio-1-banheiro-1-vaga-1390861023,3,2025-09-02 23:24:36
https://pb.olx.com.br/paraiba/imoveis/apartamento-para-venda-em-joao-pessoa-manaira-2-dormitorios-2-suites-3-banheiros-1-va-1419710366,3,2025-09-02 23:24:36
https://pb.olx.com.br/paraiba/imoveis/flat-para-venda-em-joao-pessoa-bessa-1-dormitorio-1-banheiro-1-vaga-1409809851,3,2025-09-02 23:24:36
https://pb.olx.com.br/paraiba/imoveis/apartamento-para-venda-em-joao-pessoa-bessa-3-dormitorios-2-suites-2-banheiros-2-vaga-1433524640,3,2025-09-02 23:24:36
https://pb.olx.com.br/paraiba/imoveis/apartamento-para-venda-em-joao-pessoa-altiplano-cabo-branco-3-dormitorios-2-suites-3-b-1433521564,3,2025-09-02 23:24:36
https://pb.olx.com.br/paraiba/imoveis/apartamento-para-venda-em-joao-pessoa-jardim-oceania-1-dormitorio-1-suite-2-banheiros-1433521500,3,2025-09-02 23:24:36
https://pb.olx.com.br/paraiba/imoveis/cobertura-para-venda-em-joao-pessoa-bessa-2-dormitorios-1-suite-2-banheiros-1-vaga-1433516675,3,2025-09-02 23:24:36
https://pb.olx.com.br/paraiba/imoveis/apartamento-para-venda-em-joao-pessoa-tambau-3-dormitorios-3-suites-1-banheiro-2-vaga-1433505356,3,2025-09-02 23:24:36
https://pb.olx.com.br/paraiba/imoveis/apartamento-para-venda-em-joao-pessoa-jardim-oceania-2-dormitorios-2-suites-1-banheiro-1433505198,3,2025-09-02 23:24:36
https://pb.olx.com.br/paraiba/imoveis/apartamento-para-venda-em-joao-pessoa-jardim-oceania-2-dormitorios-1-suite-1-banheiro-1433504862,3,2025-09-02 23:24:36
https://pb.olx.com.br/paraiba/imoveis/apartamento-para-venda-em-joao-pessoa-bessa-1-dormitorio-1-suite-1-banheiro-1-vaga-1433503564,3,2025-09-02 23:24:36
https://pb.olx.com.br/paraiba/imoveis/apartamento-para-venda-em-joao-pessoa-bancarios-3-dormitorios-1-suite-1-banheiro-1-va-1433467280,3,2025-09-02 23:24:36
https://pb.olx.com.br/paraiba/imoveis/apartamento-para-venda-em-joao-pessoa-altiplano-cabo-branco-3-dormitorios-1-suite-1-ba-1433445956,3,2025-09-02 23:24:36
https://pb.olx.com.br/paraiba/imoveis/cobertura-para-venda-em-joao-pessoa-jardim-oceania-2-dormitorios-1-suite-2-banheiros-1433430640,3,2025-09-02 23:24:36
https://pb.olx.com.br/paraiba/imoveis/apartamento-para-venda-em-joao-pessoa-bessa-3-dormitorios-1-suite-2-banheiros-1-vaga-1433310351,3,2025-09-02 23:24:36
https://pb.olx.com.br/paraiba/imoveis/apartamento-para-venda-em-joao-pessoa-bessa-2-dormitorios-1-suite-2-banheiros-1-vaga-1433309667,3,2025-09-02 23:24:36
https://pb.olx.com.br/paraiba/imoveis/apartamento-para-venda-em-joao-pessoa-bessa-2-dormitorios-1-suite-2-banheiros-1-vaga-1433309655,3,2025-09-02 23:24:36
https://pb.olx.com.br/paraiba/imoveis/apartamento-para-venda-em-joao-pessoa-bessa-2-dormitorios-1-suite-2-banheiros-1-vaga-1433309545,3,2025-09-02 23:24:36
https://pb.olx.com.br/paraiba/imoveis/apartamento-para-venda-em-joao-pessoa-brisamar-4-dormitorios-3-suites-4-banheiros-3-v-1433230727,3,2025-09-02 23:24:36
https://pb.olx.com.br/paraiba/imoveis/flat-para-venda-em-joao-pessoa-tambau-1-dormitorio-1-suite-1-banheiro-1-vaga-1433211762,3,2025-09-02 23:24:36
https://pb.olx.com.br/paraiba/imoveis/apartamento-para-venda-em-joao-pessoa-expedicionarios-2-dormitorios-1-suite-2-banheiro-1433202935,3,2025-09-02 23:24:36
https://pb.olx.com.br/paraiba/imoveis/apartamento-para-venda-em-joao-pessoa-manaira-3-dormitorios-1-suite-2-banheiros-2-vag-1301954868,3,2025-09-02 23:24:36
https://pb.olx.com.br/paraiba/imoveis/apartamento-para-venda-em-joao-pessoa-bessa-2-dormitorios-1-suite-2-banheiros-2-vagas-1310380846,3,2025-09-02 23:24:36
https://pb.olx.com.br/paraiba/imoveis/apartamento-para-venda-em-joao-pessoa-bessa-3-dormitorios-2-suites-3-banheiros-2-vaga-1356536504,3,2025-09-02 23:24:36
https://pb.olx.com.br/paraiba/imoveis/apartamento-para-venda-em-joao-pessoa-altiplano-cabo-branco-4-dormitorios-4-suites-6-b-1356909548,3,2025-09-02 23:24:36
https://pb.olx.com.br/paraiba/imoveis/apartamento-para-venda-em-joao-pessoa-manaira-2-dormitorios-1-banheiro-1-vaga-1404272901,3,2025-09-02 23:24:36
https://pb.olx.com.br/paraiba/imoveis/apartamento-para-venda-em-joao-pessoa-bessa-2-dormitorios-1-suite-2-banheiros-1-vaga-1409441982,3,2025-09-02 23:24:36
https://pb.olx.com.br/paraiba/imoveis/apartamento-para-venda-em-joao-pessoa-tambau-3-dormitorios-1-suite-3-banheiros-1-vaga-1410099157,3,2025-09-02 23:24:36
https://pb.olx.com.br/paraiba/imoveis/apartamento-para-venda-em-joao-pessoa-bessa-2-dormitorios-1-suite-2-banheiros-1-vaga-1376162271,3,2025-09-02 23:24:36
https://pb.olx.com.br/paraiba/imoveis/apartamento-para-venda-em-joao-pessoa-manaira-4-dormitorios-4-suites-6-banheiros-2-va-1417140298,3,2025-09-02 23:24:36
https://pb.olx.com.br/paraiba/imoveis/apartamento-para-venda-em-joao-pessoa-expedicionarios-2-dormitorios-1-suite-2-banheiro-1433182702,3,2025-09-02 23:24:36
https://pb.olx.com.br/paraiba/imoveis/apartamento-para-venda-em-joao-pessoa-aeroclube-2-dormitorios-1-suite-2-banheiros-1-v-1433181766,3,2025-09-02 23:24:36
https://pb.olx.com.br/paraiba/imoveis/apartamento-para-venda-em-joao-pessoa-altiplano-cabo-branco-4-dormitorios-4-suites-5-b-1433181659,3,2025-09-02 23:24:36
https://pb.olx.com.br/paraiba/imoveis/oportunidade-unica-em-joao-pessoa-pb-tipo-apartamento-negociacao-venda-online-si-1433157413,3,2025-09-02 23:24:36
https://pb.olx.com.br/paraiba/imoveis/oportunidade-unica-em-joao-pessoa-pb-tipo-apartamento-negociacao-venda-online-si-1433157006,3,2025-09-02 23:24:36
https://pb.olx.com.br/paraiba/imoveis/apartamento-para-venda-em-joao-pessoa-jardim-oceania-4-dormitorios-2-suites-3-banheiro-1433011742,3,2025-09-02 23:24:36
https://pb.olx.com.br/paraiba/imoveis/apartamento-para-venda-em-joao-pessoa-cabo-branco-1-dormitorio-1-banheiro-1-vaga-1433011592,3,2025-09-02 23:24:36
https://pb.olx.com.br/paraiba/imoveis/apartamento-para-venda-em-joao-pessoa-manaira-3-dormitorios-1-suite-2-banheiros-1-vag-1433011593,3,2025-09-02 23:24:36
https://pb.olx.com.br/paraiba/imoveis/apartamento-para-venda-em-joao-pessoa-aeroclube-3-dormitorios-1-suite-2-banheiros-1-v-1433011596,3,2025-09-02 23:24:36
https://rs.olx.com.br/regioes-de-porto-alegre-torres-e-santa-cruz-do-sul/imoveis/otimo-apartamento-na-joao-pessoa-a-venda2-dormitorios-cod-rp389760-1432976357,3,2025-09-02 23:24:36
https://pb.olx.com.br/paraiba/imoveis/apartamento-para-venda-em-joao-pessoa-tambau-3-dormitorios-1-suite-2-banheiros-1432969579,3,2025-09-02 23:24:36
https://pb.olx.com.br/paraiba/imoveis/apartamento-para-venda-em-joao-pessoa-bessa-1-dormitorio-1-suite-1-banheiro-1432969594,3,2025-09-02 23:24:36
https://pb.olx.com.br/paraiba/imoveis/apartamento-para-venda-em-joao-pessoa-miramar-3-dormitorios-1-suite-2-banheiros-2-vag-1432969580,3,2025-09-02 23:24:36
https://pb.olx.com.br/paraiba/imoveis/apartamento-para-venda-em-joao-pessoa-tambau-1-dormitorio-1-suite-1-banheiro-1-vaga-1432962822,3,2025-09-02 23:24:36
https://pb.olx.com.br/paraiba/imoveis/flat-para-venda-em-joao-pessoa-cabo-branco-1-dormitorio-1-suite-1-banheiro-1-vaga-1432955333,3,2025-09-02 23:24:36
https://pb.olx.com.br/paraiba/imoveis/cobertura-para-venda-em-joao-pessoa-jardim-sao-paulo-3-dormitorios-2-suites-3-banheiro-1432955132,3,2025-09-02 23:24:36
https://pb.olx.com.br/paraiba/imoveis/flat-para-venda-em-joao-pessoa-jardim-oceania-1-dormitorio-1-suite-1-banheiro-1-vaga-1432955124,3,2025-09-02 23:24:36
https://pb.olx.com.br/paraiba/imoveis/flat-para-venda-em-joao-pessoa-bessa-1-dormitorio-1-suite-1-banheiro-1-vaga-1432955048,4,2025-09-02 23:24:40
https://pb.olx.com.br/paraiba/imoveis/oportunidade-unica-em-joao-pessoa-pb-tipo-apartamento-negociacao-venda-online-si-1432952384,4,2025-09-02 23:24:40
https://pb.olx.com.br/paraiba/imoveis/oportunidade-unica-em-joao-pessoa-pb-tipo-apartamento-negociacao-venda-online-si-1432952347,4,2025-09-02 23:24:40
https://pb.olx.com.br/paraiba/imoveis/oportunidade-unica-em-joao-pessoa-pb-tipo-apartamento-negociacao-venda-direta-onli-1432952324,4,2025-09-02 23:24:40
https://pb.olx.com.br/paraiba/imoveis/oportunidade-unica-em-joao-pessoa-pb-tipo-apartamento-negociacao-venda-online-si-1432952316,4,2025-09-02 23:24:40
https://pb.olx.com.br/paraiba/imoveis/oportunidade-unica-em-joao-pessoa-pb-tipo-apartamento-negociacao-venda-online-si-1432869217,4,2025-09-02 23:24:40
https://pb.olx.com.br/paraiba/imoveis/oportunidade-unica-em-joao-pessoa-pb-tipo-apartamento-negociacao-venda-online-si-1432869215,4,2025-09-02 23:24:40
https://pb.olx.com.br/paraiba/imoveis/oportunidade-unica-em-joao-pessoa-pb-tipo-apartamento-negociacao-venda-online-si-1432869213,4,2025-09-02 23:24:40
https://pb.olx.com.br/paraiba/imoveis/oportunidade-unica-em-joao-pessoa-pb-tipo-apartamento-negociacao-venda-online-si-1432869151,4,2025-09-02 23:24:40
https://pb.olx.com.br/paraiba/imoveis/oportunidade-unica-em-joao-pessoa-pb-tipo-apartamento-negociacao-venda-online-si-1432869161,4,2025-09-02 23:24:40
https://pb.olx.com.br/paraiba/imoveis/oportunidade-unica-em-joao-pessoa-pb-tipo-apartamento-negociacao-venda-online-si-1432869148,4,2025-09-02 23:24:40
https://pb.olx.com.br/paraiba/imoveis/oportunidade-unica-em-joao-pessoa-pb-tipo-apartamento-negociacao-venda-online-si-1432869160,4,2025-09-02 23:24:40
https://pb.olx.com.br/paraiba/imoveis/oportunidade-unica-em-joao-pessoa-pb-tipo-apartamento-negociacao-venda-online-si-1432869147,4,2025-09-02 23:24:40
https://pb.olx.com.br/paraiba/imoveis/oportunidade-unica-em-joao-pessoa-pb-tipo-apartamento-negociacao-venda-direta-onli-1432869159,4,2025-09-02 23:24:40
https://pb.olx.com.br/paraiba/imoveis/oportunidade-unica-em-joao-pessoa-pb-tipo-apartamento-negociacao-venda-online-si-1432869157,4,2025-09-02 23:24:40
https://pb.olx.com.br/paraiba/imoveis/oportunidade-unica-em-joao-pessoa-pb-tipo-apartamento-negociacao-venda-online-si-1432869140,4,2025-09-02 23:24:40
https://pb.olx.com.br/paraiba/imoveis/oportunidade-unica-em-joao-pessoa-pb-tipo-apartamento-negociacao-venda-online-si-1432869145,4,2025-09-02 23:24:40
https://rs.olx.com.br/regioes-de-caxias-do-sul-e-passo-fundo/imoveis/apartamento-em-joao-pessoa-centro-canela-rs-1432789889,4,2025-09-02 23:24:40
https://pb.olx.com.br/paraiba/imoveis/flat-para-venda-em-joao-pessoa-manaira-1-dormitorio-1-banheiro-1-vaga-1356322108,4,2025-09-02 23:24:40
https://pb.olx.com.br/paraiba/imoveis/flat-para-venda-em-joao-pessoa-manaira-1-dormitorio-1-banheiro-1432772603,4,2025-09-02 23:24:40
https://pb.olx.com.br/paraiba/imoveis/flat-para-venda-em-joao-pessoa-cabo-branco-1-dormitorio-1-banheiro-1-vaga-1432772606,4,2025-09-02 23:24:40
https://pb.olx.com.br/paraiba/imoveis/flat-para-venda-em-joao-pessoa-tambau-1-dormitorio-1-suite-1-banheiro-1-vaga-1432765017,4,2025-09-02 23:24:40
https://pb.olx.com.br/paraiba/imoveis/flat-para-venda-em-joao-pessoa-cabo-branco-1-dormitorio-1-banheiro-1-vaga-1432764989,4,2025-09-02 23:24:40
https://pb.olx.com.br/paraiba/imoveis/apartamento-para-venda-em-joao-pessoa-cabo-branco-2-dormitorios-1-suite-2-banheiros-1-1432762240,4,2025-09-02 23:24:40
https://pb.olx.com.br/paraiba/imoveis/apartamento-para-venda-em-joao-pessoa-altiplano-cabo-branco-3-dormitorios-1-suite-3-ba-1432762221,4,2025-09-02 23:24:40
https://pb.olx.com.br/paraiba/imoveis/apartamento-para-venda-em-joao-pessoa-altiplano-cabo-branco-3-dormitorios-1-suite-2-ba-1432762227,4,2025-09-02 23:24:40
https://pb.olx.com.br/paraiba/imoveis/apartamento-para-venda-em-joao-pessoa-manaira-3-dormitorios-3-suites-3-banheiros-2-va-1432758312,4,2025-09-02 23:24:40
https://pb.olx.com.br/paraiba/imoveis/apartamento-para-venda-em-joao-pessoa-jardim-oceania-2-dormitorios-2-suites-2-banheiro-1432758303,4,2025-09-02 23:24:40
https://pb.olx.com.br/paraiba/imoveis/apartamento-para-venda-em-joao-pessoa-manaira-2-dormitorios-1-suite-2-banheiros-1-vag-1432758298,4,2025-09-02 23:24:40
https://pb.olx.com.br/paraiba/imoveis/apartamento-para-venda-em-joao-pessoa-brisamar-3-dormitorios-1-suite-2-banheiros-1-va-1432758306,4,2025-09-02 23:24:40
https://pb.olx.com.br/paraiba/imoveis/apartamento-para-venda-em-joao-pessoa-jardim-oceania-2-dormitorios-1-suite-2-banheiros-1432756760,4,2025-09-02 23:24:40
https://pb.olx.com.br/paraiba/imoveis/flat-para-venda-em-joao-pessoa-cabo-branco-1-dormitorio-1-banheiro-1-vaga-1432756275,4,2025-09-02 23:24:40
https://pb.olx.com.br/paraiba/imoveis/apartamento-para-venda-em-joao-pessoa-jardim-oceania-2-dormitorios-1-suite-2-banheiros-1432756249,4,2025-09-02 23:24:40
https://pb.olx.com.br/paraiba/imoveis/cobertura-para-venda-em-joao-pessoa-jardim-oceania-4-dormitorios-4-suites-5-banheiros-1432756198,4,2025-09-02 23:24:40
https://pb.olx.com.br/paraiba/imoveis/apartamento-para-venda-em-joao-pessoa-jardim-oceania-2-dormitorios-1-suite-2-banheiros-1432755841,4,2025-09-02 23:24:40
https://pb.olx.com.br/paraiba/imoveis/apartamento-para-venda-em-joao-pessoa-cabo-branco-1-dormitorio-1-banheiro-1-vaga-1432755804,4,2025-09-02 23:24:40
https://pb.olx.com.br/paraiba/imoveis/apartamento-para-venda-em-joao-pessoa-aeroclube-2-dormitorios-1-suite-2-banheiros-1-v-1432755609,4,2025-09-02 23:24:40
https://pb.olx.com.br/paraiba/imoveis/apartamento-para-venda-em-joao-pessoa-jardim-oceania-1-dormitorio-1-suite-1-banheiro-1432755608,4,2025-09-02 23:24:40
https://pb.olx.com.br/paraiba/imoveis/apartamento-para-venda-em-joao-pessoa-jardim-oceania-2-dormitorios-1-suite-2-banheiros-1432755591,4,2025-09-02 23:24:40
https://pb.olx.com.br/paraiba/imoveis/apartamento-para-venda-em-joao-pessoa-bessa-3-dormitorios-2-suites-3-banheiros-1-vaga-1432755605,4,2025-09-02 23:24:40
https://pb.olx.com.br/paraiba/imoveis/flat-para-venda-em-joao-pessoa-bessa-1-dormitorio-1-banheiro-34-vagas-1432755553,4,2025-09-02 23:24:40
https://pb.olx.com.br/paraiba/imoveis/apartamento-para-venda-em-joao-pessoa-jardim-oceania-3-dormitorios-1-suite-2-banheiros-1432755506,4,2025-09-02 23:24:40
https://pb.olx.com.br/paraiba/imoveis/apartamento-para-venda-em-joao-pessoa-jardim-oceania-2-dormitorios-1-suite-2-banheiros-1432755490,4,2025-09-02 23:24:40
https://pb.olx.com.br/paraiba/imoveis/apartamento-para-venda-em-joao-pessoa-miramar-4-dormitorios-2-suites-3-banheiros-3-va-1432755344,4,2025-09-02 23:24:40
https://pb.olx.com.br/paraiba/imoveis/apartamento-para-venda-em-joao-pessoa-miramar-3-dormitorios-3-suites-3-banheiros-2-va-1432755322,4,2025-09-02 23:24:40
https://pb.olx.com.br/paraiba/imoveis/apartamento-para-venda-em-joao-pessoa-altiplano-cabo-branco-3-dormitorios-1-suite-3-ba-1432755304,4,2025-09-02 23:24:40
https://pb.olx.com.br/paraiba/imoveis/apartamento-para-venda-em-joao-pessoa-jardim-oceania-3-dormitorios-1-suite-2-banheiros-1432755318,4,2025-09-02 23:24:40
https://pb.olx.com.br/paraiba/imoveis/apartamento-para-venda-em-joao-pessoa-manaira-3-dormitorios-2-suites-3-banheiros-2-va-1432755320,4,2025-09-02 23:24:40
https://pb.olx.com.br/paraiba/imoveis/flat-para-venda-em-joao-pessoa-bessa-1-dormitorio-1-banheiro-22-vagas-1432755316,4,2025-09-02 23:24:40
https://pb.olx.com.br/paraiba/imoveis/apartamento-para-venda-em-joao-pessoa-manaira-2-dormitorios-1-suite-2-banheiros-1-vag-1432755306,4,2025-09-02 23:24:40
https://pb.olx.com.br/paraiba/imoveis/flat-para-venda-em-joao-pessoa-bessa-1-dormitorio-1-suite-1-banheiro-22-vagas-1432755310,5,2025-09-02 23:24:43
https://pb.olx.com.br/paraiba/imoveis/apartamento-para-venda-em-joao-pessoa-manaira-4-dormitorios-4-suites-4-banheiros-3-va-1432755281,5,2025-09-02 23:24:43
https://pb.olx.com.br/paraiba/imoveis/cobertura-para-venda-em-joao-pessoa-jardim-oceania-3-dormitorios-1-suite-2-banheiros-1432755279,5,2025-09-02 23:24:43
https://pb.olx.com.br/paraiba/imoveis/apartamento-para-venda-em-joao-pessoa-aeroclube-3-dormitorios-1-suite-2-banheiros-2-v-1432755282,5,2025-09-02 23:24:43
https://pb.olx.com.br/paraiba/imoveis/apartamento-para-venda-em-joao-pessoa-manaira-2-dormitorios-1-suite-2-banheiros-1-vag-1432755268,5,2025-09-02 23:24:43
https://pb.olx.com.br/paraiba/imoveis/apartamento-para-venda-em-joao-pessoa-bancarios-3-dormitorios-3-suites-3-banheiros-1-1432755247,5,2025-09-02 23:24:43
https://pb.olx.com.br/paraiba/imoveis/apartamento-para-venda-em-joao-pessoa-tambauzinho-1-dormitorio-1-suite-1-banheiro-1-v-1432755209,5,2025-09-02 23:24:43
https://pb.olx.com.br/paraiba/imoveis/apartamento-para-venda-em-joao-pessoa-cabo-branco-5-dormitorios-5-suites-6-banheiros-1432755225,5,2025-09-02 23:24:43
https://pb.olx.com.br/paraiba/imoveis/apartamento-para-venda-em-joao-pessoa-manaira-1-dormitorio-1-banheiro-1-vaga-1432755056,5,2025-09-02 23:24:43
https://pb.olx.com.br/paraiba/imoveis/apartamento-para-venda-em-joao-pessoa-bessa-1-dormitorio-1-banheiro-1-vaga-1432755057,5,2025-09-02 23:24:43
https://pb.olx.com.br/paraiba/imoveis/apartamento-para-venda-em-joao-pessoa-brisamar-4-dormitorios-4-suites-5-banheiros-5-v-1432755039,5,2025-09-02 23:24:43
https://pb.olx.com.br/paraiba/imoveis/apartamento-para-venda-em-joao-pessoa-tambau-3-dormitorios-1-suite-2-banheiros-1-vaga-1432755032,5,2025-09-02 23:24:43
https://pb.olx.com.br/paraiba/imoveis/apartamento-para-venda-em-joao-pessoa-jardim-oceania-4-dormitorios-4-suites-4-banheiro-1432755054,5,2025-09-02 23:24:43
https://pb.olx.com.br/paraiba/imoveis/apartamento-para-venda-em-joao-pessoa-aeroclube-3-dormitorios-3-suites-4-banheiros-2-1432755035,5,2025-09-02 23:24:43
https://pb.olx.com.br/paraiba/imoveis/apartamento-para-venda-em-joao-pessoa-bessa-3-dormitorios-2-suites-3-banheiros-2-vaga-1432755017,5,2025-09-02 23:24:43
https://pb.olx.com.br/paraiba/imoveis/apartamento-para-venda-em-joao-pessoa-cabo-branco-2-dormitorios-1-suite-2-banheiros-1-1432755002,5,2025-09-02 23:24:43
https://pb.olx.com.br/paraiba/imoveis/apartamento-para-venda-em-joao-pessoa-altiplano-cabo-branco-4-dormitorios-4-suites-4-b-1432755003,5,2025-09-02 23:24:43
https://pb.olx.com.br/paraiba/imoveis/apartamento-para-venda-em-joao-pessoa-jardim-oceania-3-dormitorios-2-suites-3-banheiro-1432755012,5,2025-09-02 23:24:43
https://pb.olx.com.br/paraiba/imoveis/apartamento-para-venda-em-joao-pessoa-jardim-oceania-1-dormitorio-1-banheiro-1-vaga-1432755016,5,2025-09-02 23:24:43
https://pb.olx.com.br/paraiba/imoveis/apartamento-para-venda-em-joao-pessoa-jardim-oceania-1-dormitorio-1-suite-1-banheiro-1432755022,5,2025-09-02 23:24:43
https://pb.olx.com.br/paraiba/imoveis/apartamento-para-venda-em-joao-pessoa-manaira-3-dormitorios-3-suites-4-banheiros-2-va-1432755027,5,2025-09-02 23:24:43
https://pb.olx.com.br/paraiba/imoveis/apartamento-para-venda-em-joao-pessoa-bessa-3-dormitorios-2-suites-3-banheiros-2-vaga-1432754987,5,2025-09-02 23:24:43
https://pb.olx.com.br/paraiba/imoveis/apartamento-para-venda-em-joao-pessoa-jardim-oceania-3-dormitorios-1-suite-3-banheiros-1432754988,5,2025-09-02 23:24:43
https://pb.olx.com.br/paraiba/imoveis/apartamento-para-venda-em-joao-pessoa-manaira-2-dormitorios-1-suite-2-banheiros-1-vag-1432754973,5,2025-09-02 23:24:43
https://pb.olx.com.br/paraiba/imoveis/cobertura-para-venda-em-joao-pessoa-cabo-branco-2-dormitorios-1-suite-2-banheiros-3-v-1432754980,5,2025-09-02 23:24:43
https://pb.olx.com.br/paraiba/imoveis/apartamento-para-venda-em-joao-pessoa-cabo-branco-2-dormitorios-1-suite-1-banheiro-1-1432754983,5,2025-09-02 23:24:43
https://pb.olx.com.br/paraiba/imoveis/apartamento-para-venda-em-joao-pessoa-aeroclube-3-dormitorios-1-suite-2-banheiros-2-v-1432754986,5,2025-09-02 23:24:43
https://pb.olx.com.br/paraiba/imoveis/apartamento-para-venda-em-joao-pessoa-manaira-3-dormitorios-1-suite-3-banheiros-2-vag-1432754989,5,2025-09-02 23:24:43
https://pb.olx.com.br/paraiba/imoveis/apartamento-para-venda-em-joao-pessoa-jardim-oceania-3-dormitorios-1-suite-2-banheiros-1432754990,5,2025-09-02 23:24:43
https://pb.olx.com.br/paraiba/imoveis/apartamento-para-venda-em-joao-pessoa-bessa-2-dormitorios-1-suite-2-banheiros-1432754970,5,2025-09-02 23:24:43
https://pb.olx.com.br/paraiba/imoveis/apartamento-para-venda-em-joao-pessoa-manaira-3-dormitorios-3-suites-3-banheiros-2-va-1432754976,5,2025-09-02 23:24:43
https://pb.olx.com.br/paraiba/imoveis/apartamento-para-venda-em-joao-pessoa-manaira-4-dormitorios-4-suites-4-banheiros-3-va-1432754978,5,2025-09-02 23:24:43
https://pb.olx.com.br/paraiba/imoveis/apartamento-para-venda-em-joao-pessoa-bessa-3-dormitorios-2-suites-2-banheiros-1-vaga-1432754940,5,2025-09-02 23:24:43
https://pb.olx.com.br/paraiba/imoveis/apartamento-para-venda-em-joao-pessoa-bessa-2-dormitorios-1-suite-2-banheiros-1-vaga-1432754966,5,2025-09-02 23:24:43
https://pb.olx.com.br/paraiba/imoveis/apartamento-para-venda-em-joao-pessoa-altiplano-cabo-branco-3-dormitorios-1-suite-3-ba-1432754972,5,2025-09-02 23:24:43
https://pb.olx.com.br/paraiba/imoveis/flat-para-venda-em-joao-pessoa-cabo-branco-1-dormitorio-1-banheiro-1432754949,5,2025-09-02 23:24:43
https://pb.olx.com.br/paraiba/imoveis/apartamento-para-venda-em-joao-pessoa-miramar-3-dormitorios-3-suites-4-banheiros-2-va-1432754960,5,2025-09-02 23:24:43
https://pb.olx.com.br/paraiba/imoveis/apartamento-para-venda-em-joao-pessoa-jardim-oceania-1-dormitorio-1-suite-1-banheiro-1432754965,5,2025-09-02 23:24:43
https://pb.olx.com.br/paraiba/imoveis/apartamento-para-venda-em-joao-pessoa-altiplano-cabo-branco-2-dormitorios-1-suite-2-ba-1432754967,5,2025-09-02 23:24:43
https://pb.olx.com.br/paraiba/imoveis/apartamento-para-venda-em-joao-pessoa-miramar-2-dormitorios-1-suite-2-banheiros-1-vag-1432754941,5,2025-09-02 23:24:43
https://pb.olx.com.br/paraiba/imoveis/apartamento-para-venda-em-joao-pessoa-aeroclube-2-dormitorios-1-suite-2-banheiros-1-v-1432754942,5,2025-09-02 23:24:43
https://pb.olx.com.br/paraiba/imoveis/apartamento-para-venda-em-joao-pessoa-bessa-2-dormitorios-1-suite-1-banheiro-1-vaga-1432754946,5,2025-09-02 23:24:43
https://pb.olx.com.br/paraiba/imoveis/apartamento-para-venda-em-joao-pessoa-tambauzinho-2-dormitorios-1-suite-2-banheiros-1-1432754922,5,2025-09-02 23:24:43
https://pb.olx.com.br/paraiba/imoveis/apartamento-para-venda-em-joao-pessoa-altiplano-cabo-branco-3-dormitorios-1-suite-2-ba-1432754924,5,2025-09-02 23:24:43
https://pb.olx.com.br/paraiba/imoveis/flat-para-venda-em-joao-pessoa-jardim-oceania-1-dormitorio-1-banheiro-1-vaga-1432754928,5,2025-09-02 23:24:43
https://pb.olx.com.br/paraiba/imoveis/flat-para-venda-em-joao-pessoa-bessa-1-dormitorio-1-suite-1-banheiro-22-vagas-1432754934,5,2025-09-02 23:24:43
https://pb.olx.com.br/paraiba/imoveis/apartamento-para-venda-em-joao-pessoa-bessa-3-dormitorios-1-suite-3-banheiros-1-vaga-1432754923,5,2025-09-02 23:24:43
https://pb.olx.com.br/paraiba/imoveis/apartamento-para-venda-em-joao-pessoa-jardim-oceania-3-dormitorios-3-suites-3-banheiro-1432754954,5,2025-09-02 23:24:43
https://pb.olx.com.br/paraiba/imoveis/apartamento-para-venda-em-joao-pessoa-jardim-oceania-3-dormitorios-3-suites-3-banheiro-1432754955,5,2025-09-02 23:24:43
https://pb.olx.com.br/paraiba/imoveis/apartamento-para-venda-em-joao-pessoa-altiplano-cabo-branco-4-dormitorios-4-suites-5-b-1432754958,5,2025-09-02 23:24:43
https://pb.olx.com.br/paraiba/imoveis/flat-para-venda-em-joao-pessoa-jardim-oceania-1-dormitorio-1-banheiro-1-vaga-1432754921,6,2025-09-02 23:24:46
https://pb.olx.com.br/paraiba/imoveis/apartamento-para-venda-em-joao-pessoa-jardim-oceania-2-dormitorios-1-suite-2-banheiros-1432754878,6,2025-09-02 23:24:46
https://pb.olx.com.br/paraiba/imoveis/apartamento-para-venda-em-joao-pessoa-jardim-oceania-3-dormitorios-2-suites-3-banheiro-1432754908,6,2025-09-02 23:24:46
https://pb.olx.com.br/paraiba/imoveis/apartamento-para-venda-em-joao-pessoa-brisamar-4-dormitorios-4-suites-4-banheiros-4-v-1432754891,6,2025-09-02 23:24:46
https://pb.olx.com.br/paraiba/imoveis/apartamento-para-venda-em-joao-pessoa-jardim-luna-2-dormitorios-1-suite-2-banheiros-2-1432754894,6,2025-09-02 23:24:46
https://pb.olx.com.br/paraiba/imoveis/apartamento-para-venda-em-joao-pessoa-manaira-3-dormitorios-1-suite-2-banheiros-1-vag-1432754884,6,2025-09-02 23:24:46
https://pb.olx.com.br/paraiba/imoveis/apartamento-para-venda-em-joao-pessoa-jardim-oceania-2-dormitorios-1-suite-2-banheiros-1432754901,6,2025-09-02 23:24:46
https://pb.olx.com.br/paraiba/imoveis/apartamento-para-venda-em-joao-pessoa-manaira-3-dormitorios-1-suite-2-banheiros-2-vag-1432754864,6,2025-09-02 23:24:46
https://pb.olx.com.br/paraiba/imoveis/apartamento-para-venda-em-joao-pessoa-manaira-2-dormitorios-1-suite-2-banheiros-1-vag-1432754883,6,2025-09-02 23:24:46
https://pb.olx.com.br/paraiba/imoveis/apartamento-para-venda-em-joao-pessoa-jardim-oceania-1-dormitorio-1-suite-1-banheiro-1432754852,6,2025-09-02 23:24:46
https://pb.olx.com.br/paraiba/imoveis/apartamento-para-venda-em-joao-pessoa-brisamar-3-dormitorios-1-suite-2-banheiros-1-va-1432754857,6,2025-09-02 23:24:46
https://pb.olx.com.br/paraiba/imoveis/apartamento-para-venda-em-joao-pessoa-jardim-oceania-1-dormitorio-1-suite-1-banheiro-1432754861,6,2025-09-02 23:24:46
https://pb.olx.com.br/paraiba/imoveis/apartamento-para-venda-em-joao-pessoa-aeroclube-2-dormitorios-1-suite-2-banheiros-1-v-1432754870,6,2025-09-02 23:24:46
https://pb.olx.com.br/paraiba/imoveis/flat-para-venda-em-joao-pessoa-tambau-1-dormitorio-1-suite-1-banheiro-1432754875,6,2025-09-02 23:24:46
https://pb.olx.com.br/paraiba/imoveis/apartamento-para-venda-em-joao-pessoa-jardim-oceania-2-dormitorios-1-banheiro-1-vaga-1432754840,6,2025-09-02 23:24:46
https://pb.olx.com.br/paraiba/imoveis/apartamento-para-venda-em-joao-pessoa-jardim-oceania-2-dormitorios-1-banheiro-1-vaga-1432754841,6,2025-09-02 23:24:46
https://pb.olx.com.br/paraiba/imoveis/apartamento-para-venda-em-joao-pessoa-conjunto-pedro-gondim-3-dormitorios-3-suites-3-b-1432754846,6,2025-09-02 23:24:46
https://pb.olx.com.br/paraiba/imoveis/apartamento-para-venda-em-joao-pessoa-jardim-oceania-3-dormitorios-1-suite-2-banheiros-1432754850,6,2025-09-02 23:24:46
https://pb.olx.com.br/paraiba/imoveis/apartamento-para-venda-em-joao-pessoa-cabo-branco-2-dormitorios-1-suite-2-banheiros-2-1432754853,6,2025-09-02 23:24:46
https://pb.olx.com.br/paraiba/imoveis/apartamento-para-venda-em-joao-pessoa-bessa-3-dormitorios-2-suites-3-banheiros-2-vaga-1432754738,6,2025-09-02 23:24:46
https://pb.olx.com.br/paraiba/imoveis/apartamento-para-venda-em-joao-pessoa-tambau-3-dormitorios-1-suite-2-banheiros-1-vaga-1432754794,6,2025-09-02 23:24:46
https://pb.olx.com.br/paraiba/imoveis/apartamento-para-venda-em-joao-pessoa-bessa-2-dormitorios-1-suite-2-banheiros-1-vaga-1432754767,6,2025-09-02 23:24:46
https://pb.olx.com.br/paraiba/imoveis/apartamento-para-venda-em-joao-pessoa-bessa-2-dormitorios-1-suite-2-banheiros-1-vaga-1432754790,6,2025-09-02 23:24:46
https://pb.olx.com.br/paraiba/imoveis/apartamento-para-venda-em-joao-pessoa-manaira-3-dormitorios-1-suite-2-banheiros-2-vag-1432754804,6,2025-09-02 23:24:46
https://pb.olx.com.br/paraiba/imoveis/apartamento-para-venda-em-joao-pessoa-manaira-3-dormitorios-2-suites-3-banheiros-2-va-1432754818,6,2025-09-02 23:24:46
https://pb.olx.com.br/paraiba/imoveis/apartamento-para-venda-em-joao-pessoa-jardim-oceania-2-dormitorios-1-suite-2-banheiros-1432754788,6,2025-09-02 23:24:46
https://pb.olx.com.br/paraiba/imoveis/cobertura-para-venda-em-joao-pessoa-manaira-4-dormitorios-4-suites-7-banheiros-3-vaga-1432754792,6,2025-09-02 23:24:46
https://pb.olx.com.br/paraiba/imoveis/apartamento-para-venda-em-joao-pessoa-cristo-redentor-3-dormitorios-1-suite-2-banheiro-1432741283,6,2025-09-02 23:24:46
https://pb.olx.com.br/paraiba/imoveis/flat-para-venda-em-joao-pessoa-cabo-branco-1-dormitorio-1-banheiro-1432719393,6,2025-09-02 23:24:46
https://pb.olx.com.br/paraiba/imoveis/cobertura-para-venda-em-joao-pessoa-bancarios-3-dormitorios-1-suite-1-banheiro-1-vaga-1432709633,6,2025-09-02 23:24:46
https://pb.olx.com.br/paraiba/imoveis/apartamento-para-venda-em-joao-pessoa-bessa-2-dormitorios-1-banheiro-1-vaga-1432690118,6,2025-09-02 23:24:46
https://pb.olx.com.br/paraiba/imoveis/apartamento-para-venda-em-joao-pessoa-cabo-branco-2-dormitorios-1-suite-2-banheiros-2-1284094463,6,2025-09-02 23:24:46
https://pb.olx.com.br/paraiba/imoveis/apartamento-para-venda-em-joao-pessoa-bessa-3-dormitorios-1-suite-2-banheiros-2-vagas-1432619090,6,2025-09-02 23:24:46
https://pb.olx.com.br/paraiba/imoveis/apartamento-para-venda-em-joao-pessoa-torre-2-dormitorios-1-suite-2-banheiros-1-vaga-1432607147,6,2025-09-02 23:24:46
https://pb.olx.com.br/paraiba/imoveis/apartamento-para-venda-em-joao-pessoa-manaira-4-dormitorios-3-suites-4-banheiros-2-va-1432604975,6,2025-09-02 23:24:46
https://pb.olx.com.br/paraiba/imoveis/apartamento-para-venda-em-joao-pessoa-jardim-oceania-3-dormitorios-1-suite-2-banheiros-1432604952,6,2025-09-02 23:24:46
https://pb.olx.com.br/paraiba/imoveis/apartamento-para-venda-em-joao-pessoa-bessa-1-dormitorio-1-suite-1-banheiro-1-vaga-1432541240,6,2025-09-02 23:24:46
https://pb.olx.com.br/paraiba/imoveis/apartamento-para-venda-em-joao-pessoa-manaira-3-dormitorios-3-suites-4-banheiros-2-va-1356536816,6,2025-09-02 23:24:46
https://pb.olx.com.br/paraiba/imoveis/oportunidade-unica-em-joao-pessoa-pb-tipo-apartamento-negociacao-venda-online-si-1432487795,6,2025-09-02 23:24:46
https://pb.olx.com.br/paraiba/imoveis/oportunidade-unica-em-joao-pessoa-pb-tipo-apartamento-negociacao-venda-online-si-1432483966,6,2025-09-02 23:24:46
https://pb.olx.com.br/paraiba/imoveis/oportunidade-unica-em-joao-pessoa-pb-tipo-apartamento-negociacao-venda-online-si-1432483895,6,2025-09-02 23:24:46
https://pb.olx.com.br/paraiba/imoveis/oportunidade-unica-em-joao-pessoa-pb-tipo-apartamento-negociacao-venda-online-si-1432483737,6,2025-09-02 23:24:46
https://pb.olx.com.br/paraiba/imoveis/oportunidade-unica-em-joao-pessoa-pb-tipo-apartamento-negociacao-venda-online-si-1432483642,6,2025-09-02 23:24:46
https://pb.olx.com.br/paraiba/imoveis/oportunidade-unica-em-joao-pessoa-pb-tipo-apartamento-negociacao-venda-online-si-1432483570,6,2025-09-02 23:24:46
https://pb.olx.com.br/paraiba/imoveis/oportunidade-unica-em-joao-pessoa-pb-tipo-apartamento-negociacao-venda-online-si-1432483541,6,2025-09-02 23:24:46
https://pb.olx.com.br/paraiba/imoveis/oportunidade-unica-em-joao-pessoa-pb-tipo-apartamento-negociacao-venda-online-si-1432483419,6,2025-09-02 23:24:46
https://pb.olx.com.br/paraiba/imoveis/oportunidade-unica-em-joao-pessoa-pb-tipo-apartamento-negociacao-venda-online-si-1432483363,6,2025-09-02 23:24:46
https://pb.olx.com.br/paraiba/imoveis/oportunidade-unica-em-joao-pessoa-pb-tipo-apartamento-negociacao-venda-online-si-1432482974,6,2025-09-02 23:24:46
https://pb.olx.com.br/paraiba/imoveis/apartamento-para-venda-em-joao-pessoa-manaira-4-dormitorios-3-suites-4-banheiros-2-va-1432479302,6,2025-09-02 23:24:46
https://pb.olx.com.br/paraiba/imoveis/flat-para-venda-em-joao-pessoa-bessa-1-dormitorio-1-banheiro-22-vagas-1432478507,6,2025-09-02 23:24:46
https://pb.olx.com.br/paraiba/imoveis/apartamento-para-venda-em-joao-pessoa-bancarios-3-dormitorios-1-suite-1-banheiro-1-va-1432442718,7,2025-09-02 23:24:49
https://pb.olx.com.br/paraiba/imoveis/apartamento-padrao-em-joao-pessoa-1432429761,7,2025-09-02 23:24:49
https://pb.olx.com.br/paraiba/imoveis/apartamento-para-venda-em-joao-pessoa-jardim-oceania-2-dormitorios-1-suite-1-banheiro-1432429764,7,2025-09-02 23:24:49
https://pb.olx.com.br/paraiba/imoveis/apartamento-para-venda-em-joao-pessoa-cabo-branco-3-dormitorios-3-suites-5-banheiros-1417140664,7,2025-09-02 23:24:49
https://pb.olx.com.br/paraiba/imoveis/apartamento-para-venda-em-joao-pessoa-aeroclube-2-dormitorios-1-suite-2-banheiros-1-v-1432412537,7,2025-09-02 23:24:49
https://pb.olx.com.br/paraiba/imoveis/oportunidade-unica-em-joao-pessoa-pb-tipo-apartamento-negociacao-venda-direta-onli-1432397609,7,2025-09-02 23:24:49
https://pb.olx.com.br/paraiba/imoveis/oportunidade-unica-em-joao-pessoa-pb-tipo-apartamento-negociacao-venda-direta-onli-1432397616,7,2025-09-02 23:24:49
https://pb.olx.com.br/paraiba/imoveis/oportunidade-unica-em-joao-pessoa-pb-tipo-apartamento-negociacao-venda-direta-onli-1432397577,7,2025-09-02 23:24:49
https://pb.olx.com.br/paraiba/imoveis/oportunidade-unica-em-joao-pessoa-pb-tipo-apartamento-negociacao-venda-online-si-1432386923,7,2025-09-02 23:24:49
https://pb.olx.com.br/paraiba/imoveis/oportunidade-unica-em-joao-pessoa-pb-tipo-apartamento-negociacao-venda-online-si-1432386946,7,2025-09-02 23:24:49
https://pb.olx.com.br/paraiba/imoveis/oportunidade-unica-em-joao-pessoa-pb-tipo-apartamento-negociacao-venda-direta-onli-1432386922,7,2025-09-02 23:24:49
https://pb.olx.com.br/paraiba/imoveis/oportunidade-unica-em-joao-pessoa-pb-tipo-apartamento-negociacao-venda-direta-onli-1432386925,7,2025-09-02 23:24:49
https://pb.olx.com.br/paraiba/imoveis/oportunidade-unica-em-joao-pessoa-pb-tipo-apartamento-negociacao-venda-direta-onli-1432376466,7,2025-09-02 23:24:49
https://pb.olx.com.br/paraiba/imoveis/oportunidade-unica-em-joao-pessoa-pb-tipo-apartamento-negociacao-venda-direta-onli-1432376481,7,2025-09-02 23:24:49
https://pb.olx.com.br/paraiba/imoveis/oportunidade-unica-em-joao-pessoa-pb-tipo-apartamento-negociacao-venda-direta-onli-1432376444,7,2025-09-02 23:24:49
https://pb.olx.com.br/paraiba/imoveis/oportunidade-unica-em-joao-pessoa-pb-tipo-apartamento-negociacao-venda-online-si-1432376356,7,2025-09-02 23:24:49
https://pb.olx.com.br/paraiba/imoveis/oportunidade-unica-em-joao-pessoa-pb-tipo-apartamento-negociacao-venda-direta-onli-1432376272,7,2025-09-02 23:24:49
https://pb.olx.com.br/paraiba/imoveis/oportunidade-unica-em-joao-pessoa-pb-tipo-apartamento-negociacao-venda-direta-onli-1432376257,7,2025-09-02 23:24:49
https://pb.olx.com.br/paraiba/imoveis/oportunidade-unica-em-joao-pessoa-pb-tipo-apartamento-negociacao-venda-direta-onli-1432376194,7,2025-09-02 23:24:49
https://pb.olx.com.br/paraiba/imoveis/oportunidade-unica-em-joao-pessoa-pb-tipo-apartamento-negociacao-venda-direta-onli-1432375929,7,2025-09-02 23:24:49
https://pb.olx.com.br/paraiba/imoveis/oportunidade-unica-em-joao-pessoa-pb-tipo-apartamento-negociacao-venda-online-si-1432375376,7,2025-09-02 23:24:49
https://pb.olx.com.br/paraiba/imoveis/oportunidade-unica-em-joao-pessoa-pb-tipo-apartamento-negociacao-venda-direta-onli-1432375319,7,2025-09-02 23:24:49
https://pb.olx.com.br/paraiba/imoveis/apartamento-para-venda-em-joao-pessoa-cabo-branco-3-dormitorios-3-suites-4-banheiro-1428104016,7,2025-09-02 23:24:49
https://pb.olx.com.br/paraiba/imoveis/apartamento-para-venda-em-joao-pessoa-cabo-branco-3-dormitorios-3-suites-4-banheiro-1428104018,7,2025-09-02 23:24:49
https://pb.olx.com.br/paraiba/imoveis/oportunidade-unica-em-joao-pessoa-pb-tipo-apartamento-negociacao-venda-direta-onli-1432374104,7,2025-09-02 23:24:49
https://pb.olx.com.br/paraiba/imoveis/oportunidade-unica-em-joao-pessoa-pb-tipo-apartamento-negociacao-venda-online-si-1432374086,7,2025-09-02 23:24:49
https://pb.olx.com.br/paraiba/imoveis/oportunidade-unica-em-joao-pessoa-pb-tipo-apartamento-negociacao-venda-direta-onli-1432374068,7,2025-09-02 23:24:49
https://pb.olx.com.br/paraiba/imoveis/oportunidade-unica-em-joao-pessoa-pb-tipo-apartamento-negociacao-venda-online-si-1432374064,7,2025-09-02 23:24:49
https://pb.olx.com.br/paraiba/imoveis/oportunidade-unica-em-joao-pessoa-pb-tipo-apartamento-negociacao-venda-direta-onli-1432374011,7,2025-09-02 23:24:49
https://pb.olx.com.br/paraiba/imoveis/oportunidade-unica-em-joao-pessoa-pb-tipo-apartamento-negociacao-venda-direta-onli-1432374020,7,2025-09-02 23:24:49
https://pb.olx.com.br/paraiba/imoveis/oportunidade-unica-em-joao-pessoa-pb-tipo-apartamento-negociacao-venda-direta-onli-1432374008,7,2025-09-02 23:24:49
https://pb.olx.com.br/paraiba/imoveis/oportunidade-unica-em-joao-pessoa-pb-tipo-apartamento-negociacao-venda-direta-onli-1432373858,7,2025-09-02 23:24:49
https://pb.olx.com.br/paraiba/imoveis/oportunidade-unica-em-joao-pessoa-pb-tipo-apartamento-negociacao-venda-direta-onli-1432373798,7,2025-09-02 23:24:49
https://pb.olx.com.br/paraiba/imoveis/oportunidade-unica-em-joao-pessoa-pb-tipo-apartamento-negociacao-venda-online-si-1432373179,7,2025-09-02 23:24:49
https://pb.olx.com.br/paraiba/imoveis/oportunidade-unica-em-joao-pessoa-pb-tipo-apartamento-negociacao-venda-direta-onli-1432373169,7,2025-09-02 23:24:49
https://pb.olx.com.br/paraiba/imoveis/oportunidade-unica-em-joao-pessoa-pb-tipo-apartamento-negociacao-venda-direta-onli-1432373152,7,2025-09-02 23:24:49
https://pb.olx.com.br/paraiba/imoveis/oportunidade-unica-em-joao-pessoa-pb-tipo-apartamento-negociacao-venda-direta-onli-1432373122,7,2025-09-02 23:24:49
https://pb.olx.com.br/paraiba/imoveis/oportunidade-unica-em-joao-pessoa-pb-tipo-apartamento-negociacao-venda-direta-onli-1432373146,7,2025-09-02 23:24:49
https://pb.olx.com.br/paraiba/imoveis/oportunidade-unica-em-joao-pessoa-pb-tipo-apartamento-negociacao-venda-direta-onli-1432373107,7,2025-09-02 23:24:49
https://pb.olx.com.br/paraiba/imoveis/oportunidade-unica-em-joao-pessoa-pb-tipo-apartamento-negociacao-venda-direta-onli-1432372863,7,2025-09-02 23:24:49
https://pb.olx.com.br/paraiba/imoveis/oportunidade-unica-em-joao-pessoa-pb-tipo-apartamento-negociacao-venda-direta-onli-1432372820,7,2025-09-02 23:24:49
https://pb.olx.com.br/paraiba/imoveis/oportunidade-unica-em-joao-pessoa-pb-tipo-apartamento-negociacao-venda-direta-onli-1432372761,7,2025-09-02 23:24:49
https://pb.olx.com.br/paraiba/imoveis/oportunidade-unica-em-joao-pessoa-pb-tipo-apartamento-negociacao-venda-direta-onli-1432372753,7,2025-09-02 23:24:49
https://pb.olx.com.br/paraiba/imoveis/oportunidade-unica-em-joao-pessoa-pb-tipo-apartamento-negociacao-venda-online-si-1432372735,7,2025-09-02 23:24:49
https://pb.olx.com.br/paraiba/imoveis/oportunidade-unica-em-joao-pessoa-pb-tipo-apartamento-negociacao-venda-direta-onli-1432372711,7,2025-09-02 23:24:49
https://pb.olx.com.br/paraiba/imoveis/oportunidade-unica-em-joao-pessoa-pb-tipo-apartamento-negociacao-venda-online-si-1432372724,7,2025-09-02 23:24:49
https://pb.olx.com.br/paraiba/imoveis/oportunidade-unica-em-joao-pessoa-pb-tipo-apartamento-negociacao-venda-direta-onli-1432372667,7,2025-09-02 23:24:49
https://pb.olx.com.br/paraiba/imoveis/oportunidade-unica-em-joao-pessoa-pb-tipo-apartamento-negociacao-venda-online-si-1432372670,7,2025-09-02 23:24:49
https://pb.olx.com.br/paraiba/imoveis/oportunidade-unica-em-joao-pessoa-pb-tipo-apartamento-negociacao-venda-direta-onli-1432372526,7,2025-09-02 23:24:49
https://pb.olx.com.br/paraiba/imoveis/oportunidade-unica-em-joao-pessoa-pb-tipo-apartamento-negociacao-venda-direta-onli-1432372508,7,2025-09-02 23:24:49
https://pb.olx.com.br/paraiba/imoveis/oportunidade-unica-em-joao-pessoa-pb-tipo-apartamento-negociacao-venda-direta-onli-1432372514,8,2025-09-02 23:24:52
https://pb.olx.com.br/paraiba/imoveis/oportunidade-unica-em-joao-pessoa-pb-tipo-apartamento-negociacao-venda-online-si-1432372530,8,2025-09-02 23:24:52
https://pb.olx.com.br/paraiba/imoveis/oportunidade-unica-em-joao-pessoa-pb-tipo-apartamento-negociacao-venda-direta-onli-1432372431,8,2025-09-02 23:24:52
https://pb.olx.com.br/paraiba/imoveis/oportunidade-unica-em-joao-pessoa-pb-tipo-apartamento-negociacao-venda-direta-onli-1432372495,8,2025-09-02 23:24:52
https://pb.olx.com.br/paraiba/imoveis/oportunidade-unica-em-joao-pessoa-pb-tipo-apartamento-negociacao-venda-direta-onli-1432372498,8,2025-09-02 23:24:52
https://pb.olx.com.br/paraiba/imoveis/oportunidade-unica-em-joao-pessoa-pb-tipo-apartamento-negociacao-venda-direta-onli-1432372396,8,2025-09-02 23:24:52
https://pb.olx.com.br/paraiba/imoveis/oportunidade-unica-em-joao-pessoa-pb-tipo-apartamento-negociacao-venda-direta-onli-1432372378,8,2025-09-02 23:24:52
https://pb.olx.com.br/paraiba/imoveis/oportunidade-unica-em-joao-pessoa-pb-tipo-apartamento-negociacao-venda-direta-onli-1432372162,8,2025-09-02 23:24:52
https://pb.olx.com.br/paraiba/imoveis/oportunidade-unica-em-joao-pessoa-pb-tipo-apartamento-negociacao-venda-online-si-1432372135,8,2025-09-02 23:24:52
https://pb.olx.com.br/paraiba/imoveis/oportunidade-unica-em-joao-pessoa-pb-tipo-apartamento-negociacao-venda-direta-onli-1432372091,8,2025-09-02 23:24:52
https://pb.olx.com.br/paraiba/imoveis/oportunidade-unica-em-joao-pessoa-pb-tipo-apartamento-negociacao-venda-direta-onli-1432372125,8,2025-09-02 23:24:52
https://pb.olx.com.br/paraiba/imoveis/oportunidade-unica-em-joao-pessoa-pb-tipo-apartamento-negociacao-venda-direta-onli-1432372096,8,2025-09-02 23:24:52
https://pb.olx.com.br/paraiba/imoveis/oportunidade-unica-em-joao-pessoa-pb-tipo-apartamento-negociacao-venda-direta-onli-1432372106,8,2025-09-02 23:24:52
https://pb.olx.com.br/paraiba/imoveis/oportunidade-unica-em-joao-pessoa-pb-tipo-apartamento-negociacao-venda-direta-onli-1432372113,8,2025-09-02 23:24:52
https://pb.olx.com.br/paraiba/imoveis/oportunidade-unica-em-joao-pessoa-pb-tipo-apartamento-negociacao-venda-online-si-1432372085,8,2025-09-02 23:24:52
https://pb.olx.com.br/paraiba/imoveis/oportunidade-unica-em-joao-pessoa-pb-tipo-apartamento-negociacao-venda-direta-onli-1432372082,8,2025-09-02 23:24:52
https://pb.olx.com.br/paraiba/imoveis/oportunidade-unica-em-joao-pessoa-pb-tipo-apartamento-negociacao-venda-direta-onli-1432372074,8,2025-09-02 23:24:52
https://pb.olx.com.br/paraiba/imoveis/oportunidade-unica-em-joao-pessoa-pb-tipo-apartamento-negociacao-venda-direta-onli-1432372088,8,2025-09-02 23:24:52
https://pb.olx.com.br/paraiba/imoveis/oportunidade-unica-em-joao-pessoa-pb-tipo-apartamento-negociacao-venda-direta-onli-1432372102,8,2025-09-02 23:24:52
https://pb.olx.com.br/paraiba/imoveis/oportunidade-unica-em-joao-pessoa-pb-tipo-apartamento-negociacao-venda-direta-onli-1432371913,8,2025-09-02 23:24:52
https://pb.olx.com.br/paraiba/imoveis/oportunidade-unica-em-joao-pessoa-pb-tipo-apartamento-negociacao-venda-direta-onli-1432371938,8,2025-09-02 23:24:52
https://pb.olx.com.br/paraiba/imoveis/oportunidade-unica-em-joao-pessoa-pb-tipo-apartamento-negociacao-venda-direta-onli-1432371945,8,2025-09-02 23:24:52
https://pb.olx.com.br/paraiba/imoveis/oportunidade-unica-em-joao-pessoa-pb-tipo-apartamento-negociacao-venda-direta-onli-1432371853,8,2025-09-02 23:24:52
https://pb.olx.com.br/paraiba/imoveis/oportunidade-unica-em-joao-pessoa-pb-tipo-apartamento-negociacao-venda-direta-onli-1432371911,8,2025-09-02 23:24:52
https://pb.olx.com.br/paraiba/imoveis/oportunidade-unica-em-joao-pessoa-pb-tipo-apartamento-negociacao-venda-online-si-1432371614,8,2025-09-02 23:24:52
https://pb.olx.com.br/paraiba/imoveis/oportunidade-unica-em-joao-pessoa-pb-tipo-apartamento-negociacao-venda-online-si-1432371620,8,2025-09-02 23:24:52
https://pb.olx.com.br/paraiba/imoveis/oportunidade-unica-em-joao-pessoa-pb-tipo-apartamento-negociacao-venda-online-si-1432371909,8,2025-09-02 23:24:52
https://pb.olx.com.br/paraiba/imoveis/oportunidade-unica-em-joao-pessoa-pb-tipo-apartamento-negociacao-venda-direta-onli-1432371921,8,2025-09-02 23:24:52
https://pb.olx.com.br/paraiba/imoveis/oportunidade-unica-em-joao-pessoa-pb-tipo-apartamento-negociacao-venda-online-si-1432371602,8,2025-09-02 23:24:52
https://pb.olx.com.br/paraiba/imoveis/oportunidade-unica-em-joao-pessoa-pb-tipo-apartamento-negociacao-venda-direta-onli-1432371837,8,2025-09-02 23:24:52
https://pb.olx.com.br/paraiba/imoveis/oportunidade-unica-em-joao-pessoa-pb-tipo-apartamento-negociacao-venda-direta-onli-1432371591,8,2025-09-02 23:24:52
https://pb.olx.com.br/paraiba/imoveis/oportunidade-unica-em-joao-pessoa-pb-tipo-apartamento-negociacao-venda-direta-onli-1432371610,8,2025-09-02 23:24:52
https://pb.olx.com.br/paraiba/imoveis/oportunidade-unica-em-joao-pessoa-pb-tipo-apartamento-negociacao-venda-online-si-1432371798,8,2025-09-02 23:24:52
https://pb.olx.com.br/paraiba/imoveis/oportunidade-unica-em-joao-pessoa-pb-tipo-apartamento-negociacao-venda-direta-onli-1432371769,8,2025-09-02 23:24:52
https://pb.olx.com.br/paraiba/imoveis/oportunidade-unica-em-joao-pessoa-pb-tipo-apartamento-negociacao-venda-direta-onli-1432371814,8,2025-09-02 23:24:52
https://pb.olx.com.br/paraiba/imoveis/oportunidade-unica-em-joao-pessoa-pb-tipo-apartamento-negociacao-venda-direta-onli-1432371818,8,2025-09-02 23:24:52
https://pb.olx.com.br/paraiba/imoveis/oportunidade-unica-em-joao-pessoa-pb-tipo-apartamento-negociacao-venda-online-si-1432371760,8,2025-09-02 23:24:52
https://pb.olx.com.br/paraiba/imoveis/oportunidade-unica-em-joao-pessoa-pb-tipo-apartamento-negociacao-venda-direta-onli-1432371762,8,2025-09-02 23:24:52
https://pb.olx.com.br/paraiba/imoveis/oportunidade-unica-em-joao-pessoa-pb-tipo-apartamento-negociacao-venda-online-si-1432371810,8,2025-09-02 23:24:52
https://pb.olx.com.br/paraiba/imoveis/oportunidade-unica-em-joao-pessoa-pb-tipo-apartamento-negociacao-venda-direta-onli-1432371775,8,2025-09-02 23:24:52
https://pb.olx.com.br/paraiba/imoveis/oportunidade-unica-em-joao-pessoa-pb-tipo-apartamento-negociacao-venda-direta-onli-1432371776,8,2025-09-02 23:24:52
https://pb.olx.com.br/paraiba/imoveis/oportunidade-unica-em-joao-pessoa-pb-tipo-apartamento-negociacao-venda-online-si-1432371783,8,2025-09-02 23:24:52
https://pb.olx.com.br/paraiba/imoveis/oportunidade-unica-em-joao-pessoa-pb-tipo-apartamento-negociacao-venda-direta-onli-1432371784,8,2025-09-02 23:24:52
https://pb.olx.com.br/paraiba/imoveis/oportunidade-unica-em-joao-pessoa-pb-tipo-apartamento-negociacao-venda-direta-onli-1432371794,8,2025-09-02 23:24:52
https://pb.olx.com.br/paraiba/imoveis/oportunidade-unica-em-joao-pessoa-pb-tipo-apartamento-negociacao-venda-direta-onli-1432371799,8,2025-09-02 23:24:52
https://pb.olx.com.br/paraiba/imoveis/oportunidade-unica-em-joao-pessoa-pb-tipo-apartamento-negociacao-venda-direta-onli-1432371616,8,2025-09-02 23:24:52
https://pb.olx.com.br/paraiba/imoveis/oportunidade-unica-em-joao-pessoa-pb-tipo-apartamento-negociacao-venda-online-si-1432371627,8,2025-09-02 23:24:52
https://pb.olx.com.br/paraiba/imoveis/oportunidade-unica-em-joao-pessoa-pb-tipo-apartamento-negociacao-venda-direta-onli-1432371630,8,2025-09-02 23:24:52
https://pb.olx.com.br/paraiba/imoveis/oportunidade-unica-em-joao-pessoa-pb-tipo-apartamento-negociacao-venda-direta-onli-1432371641,8,2025-09-02 23:24:52
https://pb.olx.com.br/paraiba/imoveis/oportunidade-unica-em-joao-pessoa-pb-tipo-apartamento-negociacao-venda-direta-onli-1432371642,8,2025-09-02 23:24:52
https://pb.olx.com.br/paraiba/imoveis/oportunidade-unica-em-joao-pessoa-pb-tipo-apartamento-negociacao-venda-direta-onli-1432371786,9,2025-09-02 23:24:55
https://pb.olx.com.br/paraiba/imoveis/oportunidade-unica-em-joao-pessoa-pb-tipo-apartamento-negociacao-venda-direta-onli-1432371791,9,2025-09-02 23:24:55
https://pb.olx.com.br/paraiba/imoveis/oportunidade-unica-em-joao-pessoa-pb-tipo-apartamento-negociacao-venda-direta-onli-1432371621,9,2025-09-02 23:24:55
https://pb.olx.com.br/paraiba/imoveis/oportunidade-unica-em-joao-pessoa-pb-tipo-apartamento-negociacao-venda-direta-onli-1432371631,9,2025-09-02 23:24:55
https://pb.olx.com.br/paraiba/imoveis/oportunidade-unica-em-joao-pessoa-pb-tipo-apartamento-negociacao-venda-direta-onli-1432371651,9,2025-09-02 23:24:55
https://pb.olx.com.br/paraiba/imoveis/oportunidade-unica-em-joao-pessoa-pb-tipo-apartamento-negociacao-venda-direta-onli-1432371653,9,2025-09-02 23:24:55
https://pb.olx.com.br/paraiba/imoveis/oportunidade-unica-em-joao-pessoa-pb-tipo-apartamento-negociacao-venda-direta-onli-1432371549,9,2025-09-02 23:24:55
https://pb.olx.com.br/paraiba/imoveis/oportunidade-unica-em-joao-pessoa-pb-tipo-apartamento-negociacao-venda-direta-onli-1432371589,9,2025-09-02 23:24:55
https://pb.olx.com.br/paraiba/imoveis/oportunidade-unica-em-joao-pessoa-pb-tipo-apartamento-negociacao-venda-online-si-1432371595,9,2025-09-02 23:24:55
https://pb.olx.com.br/paraiba/imoveis/oportunidade-unica-em-joao-pessoa-pb-tipo-apartamento-negociacao-venda-direta-onli-1432371601,9,2025-09-02 23:24:55
https://pb.olx.com.br/paraiba/imoveis/oportunidade-unica-em-joao-pessoa-pb-tipo-apartamento-negociacao-venda-online-si-1432371605,9,2025-09-02 23:24:55
https://pb.olx.com.br/paraiba/imoveis/oportunidade-unica-em-joao-pessoa-pb-tipo-apartamento-negociacao-venda-direta-onli-1432371554,9,2025-09-02 23:24:55
https://pb.olx.com.br/paraiba/imoveis/oportunidade-unica-em-joao-pessoa-pb-tipo-apartamento-negociacao-venda-direta-onli-1432371562,9,2025-09-02 23:24:55
https://pb.olx.com.br/paraiba/imoveis/oportunidade-unica-em-joao-pessoa-pb-tipo-apartamento-negociacao-venda-direta-onli-1432371568,9,2025-09-02 23:24:55
https://pb.olx.com.br/paraiba/imoveis/oportunidade-unica-em-joao-pessoa-pb-tipo-apartamento-negociacao-venda-direta-onli-1432371570,9,2025-09-02 23:24:55
https://pb.olx.com.br/paraiba/imoveis/oportunidade-unica-em-joao-pessoa-pb-tipo-apartamento-negociacao-venda-direta-onli-1432371586,9,2025-09-02 23:24:55
https://pb.olx.com.br/paraiba/imoveis/oportunidade-unica-em-joao-pessoa-pb-tipo-apartamento-negociacao-venda-online-si-1432371552,9,2025-09-02 23:24:55
https://pb.olx.com.br/paraiba/imoveis/oportunidade-unica-em-joao-pessoa-pb-tipo-apartamento-negociacao-venda-direta-onli-1432371565,9,2025-09-02 23:24:55
https://pb.olx.com.br/paraiba/imoveis/oportunidade-unica-em-joao-pessoa-pb-tipo-apartamento-negociacao-venda-direta-onli-1432371567,9,2025-09-02 23:24:55
https://pb.olx.com.br/paraiba/imoveis/oportunidade-unica-em-joao-pessoa-pb-tipo-apartamento-negociacao-venda-direta-onli-1432371317,9,2025-09-02 23:24:55
https://pb.olx.com.br/paraiba/imoveis/oportunidade-unica-em-joao-pessoa-pb-tipo-apartamento-negociacao-venda-direta-onli-1432371183,9,2025-09-02 23:24:55
https://pb.olx.com.br/paraiba/imoveis/oportunidade-unica-em-joao-pessoa-pb-tipo-apartamento-negociacao-venda-direta-onli-1432371198,9,2025-09-02 23:24:55
https://pb.olx.com.br/paraiba/imoveis/oportunidade-unica-em-joao-pessoa-pb-tipo-apartamento-negociacao-venda-online-si-1432371221,9,2025-09-02 23:24:55
https://pb.olx.com.br/paraiba/imoveis/oportunidade-unica-em-joao-pessoa-pb-tipo-apartamento-negociacao-venda-direta-onli-1432371222,9,2025-09-02 23:24:55
https://pb.olx.com.br/paraiba/imoveis/oportunidade-unica-em-joao-pessoa-pb-tipo-apartamento-negociacao-venda-direta-onli-1432371223,9,2025-09-02 23:24:55
https://pb.olx.com.br/paraiba/imoveis/oportunidade-unica-em-joao-pessoa-pb-tipo-apartamento-negociacao-venda-direta-onli-1432371239,9,2025-09-02 23:24:55
https://pb.olx.com.br/paraiba/imoveis/oportunidade-unica-em-joao-pessoa-pb-tipo-apartamento-negociacao-venda-direta-onli-1432370954,9,2025-09-02 23:24:55
https://pb.olx.com.br/paraiba/imoveis/oportunidade-unica-em-joao-pessoa-pb-tipo-apartamento-negociacao-venda-online-si-1432371162,9,2025-09-02 23:24:55
https://pb.olx.com.br/paraiba/imoveis/oportunidade-unica-em-joao-pessoa-pb-tipo-apartamento-negociacao-venda-direta-onli-1432371164,9,2025-09-02 23:24:55
https://pb.olx.com.br/paraiba/imoveis/oportunidade-unica-em-joao-pessoa-pb-tipo-apartamento-negociacao-venda-direta-onli-1432371173,9,2025-09-02 23:24:55
https://pb.olx.com.br/paraiba/imoveis/oportunidade-unica-em-joao-pessoa-pb-tipo-apartamento-negociacao-venda-online-si-1432371188,9,2025-09-02 23:24:55
https://pb.olx.com.br/paraiba/imoveis/oportunidade-unica-em-joao-pessoa-pb-tipo-apartamento-negociacao-venda-online-si-1432371192,9,2025-09-02 23:24:55
https://pb.olx.com.br/paraiba/imoveis/oportunidade-unica-em-joao-pessoa-pb-tipo-apartamento-negociacao-venda-direta-onli-1432371193,9,2025-09-02 23:24:55
https://pb.olx.com.br/paraiba/imoveis/oportunidade-unica-em-joao-pessoa-pb-tipo-apartamento-negociacao-venda-direta-onli-1432371199,9,2025-09-02 23:24:55
https://pb.olx.com.br/paraiba/imoveis/oportunidade-unica-em-joao-pessoa-pb-tipo-apartamento-negociacao-venda-online-si-1432371203,9,2025-09-02 23:24:55
https://pb.olx.com.br/paraiba/imoveis/oportunidade-unica-em-joao-pessoa-pb-tipo-apartamento-negociacao-venda-direta-onli-1432371205,9,2025-09-02 23:24:55
https://pb.olx.com.br/paraiba/imoveis/oportunidade-unica-em-joao-pessoa-pb-tipo-apartamento-negociacao-venda-online-si-1432371208,9,2025-09-02 23:24:55
https://pb.olx.com.br/paraiba/imoveis/oportunidade-unica-em-joao-pessoa-pb-tipo-apartamento-negociacao-venda-direta-onli-1432371219,9,2025-09-02 23:24:55
https://pb.olx.com.br/paraiba/imoveis/oportunidade-unica-em-joao-pessoa-pb-tipo-apartamento-negociacao-venda-direta-onli-1432371220,9,2025-09-02 23:24:55
https://pb.olx.com.br/paraiba/imoveis/oportunidade-unica-em-joao-pessoa-pb-tipo-apartamento-negociacao-venda-direta-onli-1432371224,9,2025-09-02 23:24:55
https://pb.olx.com.br/paraiba/imoveis/oportunidade-unica-em-joao-pessoa-pb-tipo-apartamento-negociacao-venda-online-si-1432371228,9,2025-09-02 23:24:55
https://pb.olx.com.br/paraiba/imoveis/oportunidade-unica-em-joao-pessoa-pb-tipo-apartamento-negociacao-venda-direta-onli-1432370928,9,2025-09-02 23:24:55
https://pb.olx.com.br/paraiba/imoveis/oportunidade-unica-em-joao-pessoa-pb-tipo-apartamento-negociacao-venda-direta-onli-1432370945,9,2025-09-02 23:24:55
https://pb.olx.com.br/paraiba/imoveis/oportunidade-unica-em-joao-pessoa-pb-tipo-apartamento-negociacao-venda-online-si-1432371141,9,2025-09-02 23:24:55
https://pb.olx.com.br/paraiba/imoveis/oportunidade-unica-em-joao-pessoa-pb-tipo-apartamento-negociacao-venda-direta-onli-1432371158,9,2025-09-02 23:24:55
https://pb.olx.com.br/paraiba/imoveis/oportunidade-unica-em-joao-pessoa-pb-tipo-apartamento-negociacao-venda-online-si-1432371161,9,2025-09-02 23:24:55
https://pb.olx.com.br/paraiba/imoveis/oportunidade-unica-em-joao-pessoa-pb-tipo-apartamento-negociacao-venda-direta-onli-1432371166,9,2025-09-02 23:24:55
https://pb.olx.com.br/paraiba/imoveis/oportunidade-unica-em-joao-pessoa-pb-tipo-apartamento-negociacao-venda-direta-onli-1432371169,9,2025-09-02 23:24:55
https://pb.olx.com.br/paraiba/imoveis/oportunidade-unica-em-joao-pessoa-pb-tipo-apartamento-negociacao-venda-direta-onli-1432371171,9,2025-09-02 23:24:55
https://pb.olx.com.br/paraiba/imoveis/oportunidade-unica-em-joao-pessoa-pb-tipo-apartamento-negociacao-venda-direta-onli-1432371177,9,2025-09-02 23:24:55
https://pb.olx.com.br/paraiba/imoveis/oportunidade-unica-em-joao-pessoa-pb-tipo-apartamento-negociacao-venda-online-si-1432371178,10,2025-09-02 23:24:59
https://pb.olx.com.br/paraiba/imoveis/oportunidade-unica-em-joao-pessoa-pb-tipo-apartamento-negociacao-venda-direta-onli-1432371179,10,2025-09-02 23:24:59
https://pb.olx.com.br/paraiba/imoveis/oportunidade-unica-em-joao-pessoa-pb-tipo-apartamento-negociacao-venda-direta-onli-1432371180,10,2025-09-02 23:24:59
https://pb.olx.com.br/paraiba/imoveis/oportunidade-unica-em-joao-pessoa-pb-tipo-apartamento-negociacao-venda-direta-onli-1432371196,10,2025-09-02 23:24:59
https://pb.olx.com.br/paraiba/imoveis/oportunidade-unica-em-joao-pessoa-pb-tipo-apartamento-negociacao-venda-direta-onli-1432371201,10,2025-09-02 23:24:59
https://pb.olx.com.br/paraiba/imoveis/oportunidade-unica-em-joao-pessoa-pb-tipo-apartamento-negociacao-venda-direta-onli-1432370906,10,2025-09-02 23:24:59
https://pb.olx.com.br/paraiba/imoveis/oportunidade-unica-em-joao-pessoa-pb-tipo-apartamento-negociacao-venda-online-si-1432370946,10,2025-09-02 23:24:59
https://pb.olx.com.br/paraiba/imoveis/oportunidade-unica-em-joao-pessoa-pb-tipo-apartamento-negociacao-venda-online-si-1432370950,10,2025-09-02 23:24:59
https://pb.olx.com.br/paraiba/imoveis/oportunidade-unica-em-joao-pessoa-pb-tipo-apartamento-negociacao-venda-direta-onli-1432370955,10,2025-09-02 23:24:59
https://pb.olx.com.br/paraiba/imoveis/oportunidade-unica-em-joao-pessoa-pb-tipo-apartamento-negociacao-venda-direta-onli-1432371135,10,2025-09-02 23:24:59
https://pb.olx.com.br/paraiba/imoveis/oportunidade-unica-em-joao-pessoa-pb-tipo-apartamento-negociacao-venda-direta-onli-1432371136,10,2025-09-02 23:24:59
https://pb.olx.com.br/paraiba/imoveis/oportunidade-unica-em-joao-pessoa-pb-tipo-apartamento-negociacao-venda-online-si-1432371137,10,2025-09-02 23:24:59
https://pb.olx.com.br/paraiba/imoveis/oportunidade-unica-em-joao-pessoa-pb-tipo-apartamento-negociacao-venda-online-si-1432371139,10,2025-09-02 23:24:59
https://pb.olx.com.br/paraiba/imoveis/oportunidade-unica-em-joao-pessoa-pb-tipo-apartamento-negociacao-venda-direta-onli-1432371142,10,2025-09-02 23:24:59
https://pb.olx.com.br/paraiba/imoveis/oportunidade-unica-em-joao-pessoa-pb-tipo-apartamento-negociacao-venda-online-si-1432371143,10,2025-09-02 23:24:59
https://pb.olx.com.br/paraiba/imoveis/oportunidade-unica-em-joao-pessoa-pb-tipo-apartamento-negociacao-venda-direta-onli-1432371144,10,2025-09-02 23:24:59
https://pb.olx.com.br/paraiba/imoveis/oportunidade-unica-em-joao-pessoa-pb-tipo-apartamento-negociacao-venda-direta-onli-1432371150,10,2025-09-02 23:24:59
https://pb.olx.com.br/paraiba/imoveis/oportunidade-unica-em-joao-pessoa-pb-tipo-apartamento-negociacao-venda-online-si-1432371152,10,2025-09-02 23:24:59
https://pb.olx.com.br/paraiba/imoveis/oportunidade-unica-em-joao-pessoa-pb-tipo-apartamento-negociacao-venda-direta-onli-1432371160,10,2025-09-02 23:24:59
https://pb.olx.com.br/paraiba/imoveis/oportunidade-unica-em-joao-pessoa-pb-tipo-apartamento-negociacao-venda-direta-onli-1432370838,10,2025-09-02 23:24:59
https://pb.olx.com.br/paraiba/imoveis/oportunidade-unica-em-joao-pessoa-pb-tipo-apartamento-negociacao-venda-direta-onli-1432370881,10,2025-09-02 23:24:59
https://pb.olx.com.br/paraiba/imoveis/oportunidade-unica-em-joao-pessoa-pb-tipo-apartamento-negociacao-venda-direta-onli-1432370907,10,2025-09-02 23:24:59
https://pb.olx.com.br/paraiba/imoveis/oportunidade-unica-em-joao-pessoa-pb-tipo-apartamento-negociacao-venda-direta-onli-1432370910,10,2025-09-02 23:24:59
https://pb.olx.com.br/paraiba/imoveis/oportunidade-unica-em-joao-pessoa-pb-tipo-apartamento-negociacao-venda-direta-onli-1432370911,10,2025-09-02 23:24:59
https://pb.olx.com.br/paraiba/imoveis/oportunidade-unica-em-joao-pessoa-pb-tipo-apartamento-negociacao-venda-online-si-1432370923,10,2025-09-02 23:24:59
https://pb.olx.com.br/paraiba/imoveis/oportunidade-unica-em-joao-pessoa-pb-tipo-apartamento-negociacao-venda-direta-onli-1432370924,10,2025-09-02 23:24:59
https://pb.olx.com.br/paraiba/imoveis/oportunidade-unica-em-joao-pessoa-pb-tipo-apartamento-negociacao-venda-online-si-1432370927,10,2025-09-02 23:24:59
https://pb.olx.com.br/paraiba/imoveis/oportunidade-unica-em-joao-pessoa-pb-tipo-apartamento-negociacao-venda-direta-onli-1432370929,10,2025-09-02 23:24:59
https://pb.olx.com.br/paraiba/imoveis/oportunidade-unica-em-joao-pessoa-pb-tipo-apartamento-negociacao-venda-online-si-1432370941,10,2025-09-02 23:24:59
https://pb.olx.com.br/paraiba/imoveis/oportunidade-unica-em-joao-pessoa-pb-tipo-apartamento-negociacao-venda-online-si-1432370942,10,2025-09-02 23:24:59
https://pb.olx.com.br/paraiba/imoveis/oportunidade-unica-em-joao-pessoa-pb-tipo-apartamento-negociacao-venda-direta-onli-1432370944,10,2025-09-02 23:24:59
https://pb.olx.com.br/paraiba/imoveis/oportunidade-unica-em-joao-pessoa-pb-tipo-apartamento-negociacao-venda-direta-onli-1432371133,10,2025-09-02 23:24:59
https://pb.olx.com.br/paraiba/imoveis/oportunidade-unica-em-joao-pessoa-pb-tipo-apartamento-negociacao-venda-direta-onli-1432371149,10,2025-09-02 23:24:59
https://pb.olx.com.br/paraiba/imoveis/oportunidade-unica-em-joao-pessoa-pb-tipo-apartamento-negociacao-venda-online-si-1432371153,10,2025-09-02 23:24:59
https://pb.olx.com.br/paraiba/imoveis/oportunidade-unica-em-joao-pessoa-pb-tipo-apartamento-negociacao-venda-direta-onli-1432371154,10,2025-09-02 23:24:59
https://pb.olx.com.br/paraiba/imoveis/oportunidade-unica-em-joao-pessoa-pb-tipo-apartamento-negociacao-venda-direta-onli-1432370864,10,2025-09-02 23:24:59
https://pb.olx.com.br/paraiba/imoveis/oportunidade-unica-em-joao-pessoa-pb-tipo-apartamento-negociacao-venda-direta-onli-1432370898,10,2025-09-02 23:24:59
https://pb.olx.com.br/paraiba/imoveis/oportunidade-unica-em-joao-pessoa-pb-tipo-apartamento-negociacao-venda-direta-onli-1432370908,10,2025-09-02 23:24:59
https://pb.olx.com.br/paraiba/imoveis/oportunidade-unica-em-joao-pessoa-pb-tipo-apartamento-negociacao-venda-direta-onli-1432370909,10,2025-09-02 23:24:59
https://pb.olx.com.br/paraiba/imoveis/oportunidade-unica-em-joao-pessoa-pb-tipo-apartamento-negociacao-venda-direta-onli-1432370943,10,2025-09-02 23:24:59
https://pb.olx.com.br/paraiba/imoveis/oportunidade-unica-em-joao-pessoa-pb-tipo-apartamento-negociacao-venda-direta-onli-1432370948,10,2025-09-02 23:24:59
https://pb.olx.com.br/paraiba/imoveis/oportunidade-unica-em-joao-pessoa-pb-tipo-apartamento-negociacao-venda-direta-onli-1432370953,10,2025-09-02 23:24:59
https://pb.olx.com.br/paraiba/imoveis/oportunidade-unica-em-joao-pessoa-pb-tipo-apartamento-negociacao-venda-online-si-1432370825,10,2025-09-02 23:24:59
https://pb.olx.com.br/paraiba/imoveis/oportunidade-unica-em-joao-pessoa-pb-tipo-apartamento-negociacao-venda-direta-onli-1432370826,10,2025-09-02 23:24:59
https://pb.olx.com.br/paraiba/imoveis/oportunidade-unica-em-joao-pessoa-pb-tipo-apartamento-negociacao-venda-direta-onli-1432370827,10,2025-09-02 23:24:59
https://pb.olx.com.br/paraiba/imoveis/oportunidade-unica-em-joao-pessoa-pb-tipo-apartamento-negociacao-venda-online-si-1432370836,10,2025-09-02 23:24:59
https://pb.olx.com.br/paraiba/imoveis/oportunidade-unica-em-joao-pessoa-pb-tipo-apartamento-negociacao-venda-online-si-1432370869,10,2025-09-02 23:24:59
https://pb.olx.com.br/paraiba/imoveis/oportunidade-unica-em-joao-pessoa-pb-tipo-apartamento-negociacao-venda-online-si-1432370886,10,2025-09-02 23:24:59
https://pb.olx.com.br/paraiba/imoveis/oportunidade-unica-em-joao-pessoa-pb-tipo-apartamento-negociacao-venda-direta-onli-1432370887,10,2025-09-02 23:24:59
https://pb.olx.com.br/paraiba/imoveis/oportunidade-unica-em-joao-pessoa-pb-tipo-apartamento-negociacao-venda-direta-onli-1432370888,10,2025-09-02 23:24:59
